cnr,case_number,cnr_court_code,bench_code,type_code,cnr_case_number,cnr_year,case_type_label,case_title,appellant,respondent,bench_city,bench_state,court_name,filing_date,first_hearing_date,last_hearing_date,next_hearing_date,decision_date,case_status,case_sub_stage,nature_of_disposal,disposal_date,result,judges,petitioner_advocates,respondent_advocates,sections,case_duration_days,filing_to_first_hearing_days,order_count,hearing_count,process_count,transfer_count,has_orders,scraped_at,source_file
KABC010069632010,EX/1/2010,KABC01,,EX,Jan-10,2010,EX - EXECUTION PETITION UNDER ORDER,INDUSIND BANK LTD. Vs RAJANNA,INDUSIND BANK LTD.,RAJANNA; SURESH D R,BENGALURU,Karnataka,28-CCH9 XXVII ADDL. CITY CIVIL AND SESSIONS JUDGE,02/01/2010,27/02/2013,27/02/2013,,17/03/2021,Disposed,Sub Stage,Uncontested--DISMISSED,17/03/2021,Uncontested--DISMISSED,CCH18 XIX ADDL. CITY CIVIL AND SESSIONS JUDGE; CCH9 XXVII ADDL. CITY CIVIL AND SESSIONS JUDGE; 28-CCH9 XXVII ADDL. CITY CIVIL AND SESSIONS JUDGE,S M ANEES AHMED,,U/S 276 OF THE INDIAN SUCCESSION ACT,4092,1152,43,44,0,0,1,2026-07-15T22:14:53.259119,Sample Fields.xlsx
KABC010069642010,EX/2/2010,KABC01,,EX,Feb-10,2010,EX - EXECUTION PETITION UNDER ORDER,INDUSIND BANK LTD. Vs QUADEER PASHA,INDUSIND BANK LTD.,QUADEER PASHA; SOMASHEKAR V,BENGALURU,Karnataka,17-CCH12 XVI ADDL. CITY CIVIL AND SESSIONS JUDGE,02/01/2010,27/02/2013,27/02/2013,,05/08/2023,Disposed,Sub Stage,Uncontested--DISPOSED OTHERWISE,05/08/2023,Uncontested--DISPOSED OTHERWISE,CCH18 XIX ADDL. CITY CIVIL AND SESSIONS JUDGE; 17-CCH12 XVI ADDL. CITY CIVIL AND SESSIONS JUDGE; CCH12 XVI ADDL. CITY CIVIL AND SESSIONS JUDGE,S M ANEES AHMED,,,4963,1152,63,64,0,0,1,2026-07-15T22:20:48.809446,Sample Fields.xlsx
KABC010069652010,EX/3/2010,KABC01,,EX,Mar-10,2010,EX - EXECUTION PETITION UNDER ORDER,INDUSIND BANK LTD. Vs CHANDRASHEKAR G,INDUSIND BANK LTD.,CHANDRASHEKAR G; SREENIVASA H V,BENGALURU,Karnataka,28-CCH9 XXVII ADDL. CITY CIVIL AND SESSIONS JUDGE,02/01/2010,08/10/2010,02/07/2010,08/10/2010,16/03/2021,Disposed,,Uncontested--DISMISSED,16/03/2021,Uncontested--DISMISSED,CCH18 XIX ADDL. CITY CIVIL AND SESSIONS JUDGE; CCH9 XXVII ADDL. CITY CIVIL AND SESSIONS JUDGE; 28-CCH9 XXVII ADDL. CITY CIVIL AND SESSIONS JUDGE,S M ANEES AHMED,,Order 39 Rule 1 and 2 CPC,4091,279,41,41,0,0,1,2026-07-15T22:24:54.282757,Sample Fields.xlsx
KABC010069662010,EX/4/2010,KABC01,,EX,Apr-10,2010,EX - EXECUTION PETITION UNDER ORDER,INDUSIND BANK LTD. Vs MANJUNATHA A,INDUSIND BANK LTD.,MANJUNATHA A; SHIVA KUMAR B P,BENGALURU,Karnataka,17-CCH12 XVI ADDL. CITY CIVIL AND SESSIONS JUDGE,02/01/2010,29/05/2010,15/02/2010,29/05/2010,02/01/2019,Disposed,Sub Stage,Contested--DISPOSED OTHERWISE,02/01/2019,Contested--DISPOSED OTHERWISE,CCH18 XIX ADDL. CITY CIVIL AND SESSIONS JUDGE; 17-CCH12 XVI ADDL. CITY CIVIL AND SESSIONS JUDGE; CCH12 XVI ADDL. CITY CIVIL AND SESSIONS JUDGE,S M ANEES AHMED,,,3287,147,41,41,0,0,1,2026-07-15T22:28:46.550044,Sample Fields.xlsx
KABC010069672010,EX/5/2010,KABC01,,EX,May-10,2010,EX - EXECUTION PETITION UNDER ORDER,LEELA RAMASWAMY Vs SPECIAL ADDITIONAL LAND ACQUISITION OFFICER BDA,LEELA RAMASWAMY; SURESH B R; GAYATHRI ANAND; LAVANYA RAMASWAMY,SPECIAL ADDITIONAL LAND ACQUISITION OFFICER BDA; THE COMMISSIONER BDA,BENGALURU,Karnataka,3-CCH17 II ADDL. CITY CIVIL AND SESSIONS JUDGE,02/01/2010,03/04/2010,01/03/2010,03/04/2010,12/07/2012,Disposed,Sub Stage,#NAME?,19/07/2010,#NAME?,CCH17 II ADDL. CITY CIVIL AND SESSIONS JUDGE; 3-CCH17 II ADDL. CITY CIVIL AND SESSIONS JUDGE,K T NANJUNDA GOWDA,,,922,91,3,2,0,0,1,2026-07-15T22:29:07.245920,Sample Fields.xlsx
KABC010069682010,EX/6/2010,KABC01,,EX,Jun-10,2010,EX - EXECUTION PETITION UNDER ORDER,INDUSIND BANK LTD. Vs MUNIRAJU,INDUSIND BANK LTD.,MUNIRAJU; CHETAN,BENGALURU,Karnataka,17-CCH12 XVI ADDL. CITY CIVIL AND SESSIONS JUDGE,02/01/2010,27/01/2011,24/09/2010,27/01/2011,17/08/2019,Disposed,Sub Stage,Uncontested--DISPOSED OTHERWISE,17/08/2019,Uncontested--DISPOSED OTHERWISE,CCH18 XIX ADDL. CITY CIVIL AND SESSIONS JUDGE; 17-CCH12 XVI ADDL. CITY CIVIL AND SESSIONS JUDGE; CCH12 XVI ADDL. CITY CIVIL AND SESSIONS JUDGE,S M ANEES AHMED,,,3514,390,46,46,0,0,1,2026-07-15T22:33:27.114773,Sample Fields.xlsx
KABC010069692010,EX/7/2010,KABC01,,EX,Jul-10,2010,EX - EXECUTION PETITION UNDER ORDER,USHARAJU Vs ABDUL REHMAN C K,USHARAJU,ABDUL REHMAN C K; MS TIP TOP PLASTIC INDUSTRY,BENGALURU,Karnataka,4-CCH25 III ADDL. CITY CIVIL AND SESSIONS JUDGE,02/01/2010,,26/03/2010,27/03/2010,27/03/2010,Disposed,Sub Stage,Uncontested--DISPOSED OTHERWISE,27/03/2010,Uncontested--DISPOSED OTHERWISE,4-CCH25 III ADDL. CITY CIVIL AND SESSIONS JUDGE; CCH25 III ADDL. CITY CIVIL AND SESSIONS JUDGE,K NARAYANA SWAMY,,,84,,2,3,0,0,1,2026-07-15T22:33:50.485012,Sample Fields.xlsx
KABC010069702010,EX/9/2010,KABC01,,EX,Sep-10,2010,EX - EXECUTION PETITION UNDER ORDER,JAYAKUMAR M Vs MS BARON INTERNATIONAL LTD.,JAYAKUMAR M,MS BARON INTERNATIONAL LTD.,BENGALURU,Karnataka,15-CCH28 XIV ADDL. CITY CIVIL AND SESSIONS JUDGE,02/01/2010,10/08/2010,16/04/2010,10/08/2010,11/11/2013,Disposed,Sub Stage,Contested--DISMISED FOR DEFAULT,11/11/2013,Contested--DISMISED FOR DEFAULT,15-CCH28 XIV ADDL. CITY CIVIL AND SESSIONS JUDGE; CCH28 XIV ADDL. CITY CIVIL AND SESSIONS JUDGE,G V KRISHNA REDDY,,,1409,220,25,25,0,0,1,2026-07-15T22:36:15.767008,Sample Fields.xlsx
KABC010069712010,EX/10/2010,KABC01,,EX,Oct-10,2010,EX - EXECUTION PETITION UNDER ORDER,ALPHONSE C Vs VIMALA,ALPHONSE C,VIMALA,BENGALURU,Karnataka,31-CCH31 XXX ADDL. CITY CIVIL AND SESSIONS JUDGE,02/01/2010,,28/01/2011,,28/01/2011,Disposed,,Uncontested--DISPOSED OTHERWISE,28/01/2011,Uncontested--DISPOSED OTHERWISE,CCH31 XXX ADDL. CITY CIVIL AND SESSIONS JUDGE; 31-CCH31 XXX ADDL. CITY CIVIL AND SESSIONS JUDGE,G V KRISHNA REDDY,,,391,,1,2,0,0,1,2026-07-15T22:36:31.997757,Sample Fields.xlsx
KABC010069722010,EX/11/2010,KABC01,,EX,Nov-10,2010,EX - EXECUTION PETITION UNDER ORDER,SAKHWALKAR S N Vs MS INTEGRATED HI TECH SOFTWARE PARK LTD.,SAKHWALKAR S N,MS INTEGRATED HI TECH SOFTWARE PARK LTD.,BENGALURU,Karnataka,4-CCH25 III ADDL. CITY CIVIL AND SESSIONS JUDGE,02/01/2010,,29/10/2010,30/10/2010,15/10/2011,Disposed,Sub Stage,Uncontested--DISMISSED,15/10/2011,Uncontested--DISMISSED,4-CCH25 III ADDL. CITY CIVIL AND SESSIONS JUDGE; CCH25 III ADDL. CITY CIVIL AND SESSIONS JUDGE,Y K NARAYANA SHARMA,,,651,,2,3,0,0,1,2026-07-15T22:36:53.336013,Sample Fields.xlsx
KABC010069732010,EX/12/2010,KABC01,,EX,Dec-10,2010,EX - EXECUTION PETITION UNDER ORDER,M S ALTEON HEALTH CARE PVT LTD. Vs MS AMITY DISTRIBUTION AND MARKETING,M S ALTEON HEALTH CARE PVT LTD.,MS AMITY DISTRIBUTION AND MARKETING; MS AMITY PHARMA,BENGALURU,Karnataka,17-CCH12 XVI ADDL. CITY CIVIL AND SESSIONS JUDGE,02/01/2010,10/12/2012,10/08/2012,10/12/2012,05/12/2015,Disposed,Sub Stage,Uncontested--DISMISSED,05/12/2015,Uncontested--DISMISSED,CCH18 XIX ADDL. CITY CIVIL AND SESSIONS JUDGE; 17-CCH12 XVI ADDL. CITY CIVIL AND SESSIONS JUDGE; CCH12 XVI ADDL. CITY CIVIL AND SESSIONS JUDGE,D PRABHAKAR,,,2163,1073,10,11,0,0,1,2026-07-15T22:37:57.407752,Sample Fields.xlsx
KABC010069742010,EX/13/2010,KABC01,,EX,13/2010,2010,EX - EXECUTION PETITION UNDER ORDER,SATHYA KEERTHI G K Vs MS KOTHARI INTERGROUP LTD.,SATHYA KEERTHI G K,MS KOTHARI INTERGROUP LTD.,BENGALURU,Karnataka,847-CCH45 XLIV ADDL. CITY CIVIL AND SESSONS JUDGE,02/01/2010,10/09/2012,29/09/2012,11/10/2012,22/02/2014,Disposed,,Contested--DISMISSED,22/02/2014,Contested--DISMISSED,CCH45 XLIV ADDL. CITY CIVIL AND SESSONS JUDGE; 847-CCH45 XLIV ADDL. CITY CIVIL AND SESSONS JUDGE,.S NAGARAJ,,,1512,982,15,15,0,0,1,2026-07-15T22:39:26.959010,Sample Fields.xlsx
KABC010069752010,EX/14/2010,KABC01,,EX,14/2010,2010,EX - EXECUTION PETITION UNDER ORDER,SATHYANARAYANA L Vs SECRETARY HOUSING AND URBAN DEVELOPMENT AUTHORITY,SATHYANARAYANA L,SECRETARY HOUSING AND URBAN DEVELOPMENT AUTHORITY; THE COMMISSIONER BDA; THE COMMISSIONER BBMP; SECRETARY KGE HOUSE BUILDING CO OP SOCIETY; RAMANATH K T; KANTHA,BENGALURU,Karnataka,2-CCH5 IX ADDL. CITY CIVIL AND SESSONS JUDGE,02/01/2010,,14/03/2010,15/03/2010,15/03/2010,Disposed,Sub Stage,Uncontested--DISPOSED OTHERWISE,15/03/2010,Uncontested--DISPOSED OTHERWISE,CCH5 IX ADDL. CITY CIVIL AND SESSONS JUDGE; 2-CCH5 IX ADDL. CITY CIVIL AND SESSONS JUDGE,J N RAJANNA REDDY,,,72,,2,3,0,0,1,2026-07-15T22:39:49.365086,Sample Fields.xlsx
KABC010069762010,EX/15/2010,KABC01,,EX,15/2010,2010,EX - EXECUTION PETITION UNDER ORDER,SYED AZEEZULLA Vs EQBAL AHMED,SYED AZEEZULLA,EQBAL AHMED,BENGALURU,Karnataka,26-CCH23 XXV ADDL. CITY CIVIL AND SESSIONS JUDGE,02/01/2010,,,,12/07/2012,Disposed,,#NAME?,12/07/2012,#NAME?,26-CCH23 XXV ADDL. CITY CIVIL AND SESSIONS JUDGE,KK VASANTH,,,922,,1,0,0,0,1,2026-07-15T22:39:54.038619,Sample Fields.xlsx
KABC010069772010,EX/16/2010,KABC01,,EX,16/2010,2010,EX - EXECUTION PETITION UNDER ORDER,MADAN LAL PAREKH Vs THE CLUB,MADAN LAL PAREKH,THE CLUB,BENGALURU,Karnataka,15-CCH28 XIV ADDL. CITY CIVIL AND SESSIONS JUDGE,02/01/2010,,,,28/11/2011,Disposed,,#NAME?,28/11/2011,#NAME?,15-CCH28 XIV ADDL. CITY CIVIL AND SESSIONS JUDGE,N JAGADISH BALIGA,,,695,,1,0,0,0,1,2026-07-15T22:40:16.359121,Sample Fields.xlsx
KABC010069782010,EX/17/2010,KABC01,,EX,17/2010,2010,EX - EXECUTION PETITION UNDER ORDER,PRAVEEN KUMAR K R Vs GEETHA LAKSHMI,PRAVEEN KUMAR K R,GEETHA LAKSHMI; MUDDAIAH,BENGALURU,Karnataka,847-CCH45 XLIV ADDL. CITY CIVIL AND SESSONS JUDGE,02/01/2010,23/02/2013,23/02/2013,06/04/2013,10/02/2014,Disposed,Sub Stage,Contested--DISMISSED,10/02/2014,Contested--DISMISSED,CCH45 XLIV ADDL. CITY CIVIL AND SESSONS JUDGE; 847-CCH45 XLIV ADDL. CITY CIVIL AND SESSONS JUDGE,S V NARAYANA MURTHY,,,1500,1148,7,7,0,0,1,2026-07-15T22:41:23.840186,Sample Fields.xlsx
KABC010005022010,EX/18/2010,KABC01,,EX,18/2010,2010,EX - EXECUTION PETITION UNDER ORDER,RUDRAIAH H M Vs NAGARAJ K S,RUDRAIAH H M,NAGARAJ K S,BENGALURU,Karnataka,32-CCH14 XXXI ADDL. CITY CIVIL AND SESSIONS JUDGE,02/01/2010,14/07/2010,08/06/2010,14/07/2010,26/04/2014,Disposed,Sub Stage,Uncontested--DISMISED FOR DEFAULT,26/04/2014,Uncontested--DISMISED FOR DEFAULT,32-CCH14 XXXI ADDL. CITY CIVIL AND SESSIONS JUDGE; CCH14 XXXI ADDL. CITY CIVIL AND SESSIONS JUDGE,LOKESH BOOVANAHALLI,,,1575,193,27,27,0,0,1,2026-07-15T22:43:56.970327,Sample Fields.xlsx
KABC010005032010,EX/20/2010,KABC01,,EX,20/2010,2010,EX - EXECUTION PETITION UNDER ORDER,CANARA BANK Vs VANITHA,CANARA BANK,VANITHA; ARMUGHAM R,BENGALURU,Karnataka,2-CCH5 IX ADDL. CITY CIVIL AND SESSONS JUDGE,02/01/2010,,02/04/2011,,02/04/2011,Disposed,,Uncontested--DISPOSED OTHERWISE,02/04/2011,Uncontested--DISPOSED OTHERWISE,CCH5 IX ADDL. CITY CIVIL AND SESSONS JUDGE; 2-CCH5 IX ADDL. CITY CIVIL AND SESSONS JUDGE,H S RUKKOJI RAO,,,455,,1,2,0,0,1,2026-07-15T22:44:12.733840,Sample Fields.xlsx
KABC010005042010,EX/21/2010,KABC01,,EX,21/2010,2010,EX - EXECUTION PETITION UNDER ORDER,CANARA BANK Vs BHARATH KUMAR JAIN,CANARA BANK,BHARATH KUMAR JAIN; RITESH KUMAR JAIN,BENGALURU,Karnataka,2-CCH5 IX ADDL. CITY CIVIL AND SESSONS JUDGE,02/01/2010,,,,26/02/2011,Disposed,,#NAME?,26/02/2011,#NAME?,2-CCH5 IX ADDL. CITY CIVIL AND SESSONS JUDGE,H S RUKKOJI RAO,,,420,,1,0,0,0,1,2026-07-15T22:44:18.074610,Sample Fields.xlsx
KABC010005052010,EX/22/2010,KABC01,,EX,22/2010,2010,EX - EXECUTION PETITION UNDER ORDER,CANARA BANK Vs MS METRO ENTERPRISES,CANARA BANK,MS METRO ENTERPRISES; SUNIL R DAVEY; RAMBHJAI S DAVEY,BENGALURU,Karnataka,2-CCH5 IX ADDL. CITY CIVIL AND SESSONS JUDGE,02/01/2010,,,,05/02/2011,Disposed,,#NAME?,05/02/2011,#NAME?,2-CCH5 IX ADDL. CITY CIVIL AND SESSONS JUDGE,H S RUKKOJI RAO,,,399,,1,0,0,0,1,2026-07-15T22:44:45.306651,Sample Fields.xlsx
