"case_number","cnr","court_name","court_complex","judge","case_type","filing_number","filing_date","registration_number","registration_date","petitioner","petitioner_advocate","respondent","respondent_advocate","acts","sections","first_hearing_date","decision_date","case_status","sub_stage","nature_of_disposal","business_summary","history_summary","process_summary","transfer_summary","total_business_entries","total_history_rows","total_processes","total_orders","total_transfers","order_date_range","latest_business_date","scraped_timestamp"
"EX/1/2010","KABC010069632010","28-CCH9 XXVII ADDL. CITY CIVIL AND SESSIONS JUDGE","City Civil Court Complex, Bangalore","28-CCH9 XXVII ADDL. CITY CIVIL AND SESSIONS JUDGE","EX - EXECUTION PETITION UNDER ORDER","","02-01-2010","1/2010","","INDUSIND BANK LTD.","S M ANEES AHMED","RAJANNA; SURESH D R","","INDIAN SUCCESSION ACT","U/S 276 OF THE INDIAN SUCCESSION ACT","27-02-2013","17-03-2021","Disposed","Sub Stage","Uncontested--DISMISSED","","0 hearings","0 processes","0 transfers","0","0","0","0","0","","","2026-07-15T22:14:53.259119"
"EX/2/2010","KABC010069642010","17-CCH12 XVI ADDL. CITY CIVIL AND SESSIONS JUDGE","City Civil Court Complex, Bangalore","CCH12 XVI ADDL. CITY CIVIL AND SESSIONS JUDGE","EX - EXECUTION PETITION UNDER ORDER","","02-01-2010","2/2010","","INDUSIND BANK LTD.","S M ANEES AHMED","QUADEER PASHA; SOMASHEKAR V","","","","27-02-2013","05-08-2023","Disposed","Sub Stage","Uncontested--DISPOSED OTHERWISE","","0 hearings","0 processes","0 transfers","0","0","0","0","0","","","2026-07-15T22:20:48.809446"
"EX/3/2010","KABC010069652010","28-CCH9 XXVII ADDL. CITY CIVIL AND SESSIONS JUDGE","City Civil Court Complex, Bangalore","28-CCH9 XXVII ADDL. CITY CIVIL AND SESSIONS JUDGE","EX - EXECUTION PETITION UNDER ORDER","","02-01-2010","3/2010","","INDUSIND BANK LTD.","S M ANEES AHMED","CHANDRASHEKAR G; SREENIVASA H V","","","Order 39 Rule 1 and 2 CPC","08-10-2010","16-03-2021","Disposed","","Uncontested--DISMISSED","","0 hearings","0 processes","0 transfers","0","0","0","0","0","","","2026-07-15T22:24:54.282757"
"EX/4/2010","KABC010069662010","17-CCH12 XVI ADDL. CITY CIVIL AND SESSIONS JUDGE","City Civil Court Complex, Bangalore","CCH12 XVI ADDL. CITY CIVIL AND SESSIONS JUDGE","EX - EXECUTION PETITION UNDER ORDER","","02-01-2010","4/2010","","INDUSIND BANK LTD.","S M ANEES AHMED","MANJUNATHA A; SHIVA KUMAR B P","","","","29-05-2010","02-01-2019","Disposed","Sub Stage","Contested--DISPOSED OTHERWISE","","0 hearings","0 processes","0 transfers","0","0","0","0","0","","","2026-07-15T22:28:46.550044"
"EX/5/2010","KABC010069672010","3-CCH17 II ADDL. CITY CIVIL AND SESSIONS JUDGE","City Civil Court Complex, Bangalore","3-CCH17 II ADDL. CITY CIVIL AND SESSIONS JUDGE","EX - EXECUTION PETITION UNDER ORDER","","02-01-2010","5/2010","","LEELA RAMASWAMY; SURESH B R; GAYATHRI ANAND; LAVANYA RAMASWAMY","K T NANJUNDA GOWDA","SPECIAL ADDITIONAL LAND ACQUISITION OFFICER BDA; THE COMMISSIONER BDA","","","","03-04-2010","12-07-2012","Disposed","Sub Stage","--REJECTED","","0 hearings","0 processes","0 transfers","0","0","0","0","0","","","2026-07-15T22:29:07.245920"
"EX/6/2010","KABC010069682010","17-CCH12 XVI ADDL. CITY CIVIL AND SESSIONS JUDGE","City Civil Court Complex, Bangalore","CCH12 XVI ADDL. CITY CIVIL AND SESSIONS JUDGE","EX - EXECUTION PETITION UNDER ORDER","","02-01-2010","6/2010","","INDUSIND BANK LTD.","S M ANEES AHMED","MUNIRAJU; CHETAN","","","","27-01-2011","17-08-2019","Disposed","Sub Stage","Uncontested--DISPOSED OTHERWISE","","0 hearings","0 processes","0 transfers","0","0","0","0","0","","","2026-07-15T22:33:27.114773"
"EX/7/2010","KABC010069692010","4-CCH25 III ADDL. CITY CIVIL AND SESSIONS JUDGE","City Civil Court Complex, Bangalore","CCH25 III ADDL. CITY CIVIL AND SESSIONS JUDGE","EX - EXECUTION PETITION UNDER ORDER","","02-01-2010","7/2010","","USHARAJU","K NARAYANA SWAMY","ABDUL REHMAN C K; MS TIP TOP PLASTIC INDUSTRY","","","","","27-03-2010","Disposed","Sub Stage","Uncontested--DISPOSED OTHERWISE","","0 hearings","0 processes","0 transfers","0","0","0","0","0","","","2026-07-15T22:33:50.485012"
"EX/9/2010","KABC010069702010","15-CCH28 XIV ADDL. CITY CIVIL AND SESSIONS JUDGE","City Civil Court Complex, Bangalore","CCH28 XIV ADDL. CITY CIVIL AND SESSIONS JUDGE","EX - EXECUTION PETITION UNDER ORDER","","02-01-2010","9/2010","","JAYAKUMAR M","G V KRISHNA REDDY","MS BARON INTERNATIONAL LTD.","","","","10-08-2010","11-11-2013","Disposed","Sub Stage","Contested--DISMISED FOR DEFAULT","","0 hearings","0 processes","0 transfers","0","0","0","0","0","","","2026-07-15T22:36:15.767008"
"EX/10/2010","KABC010069712010","31-CCH31 XXX ADDL. CITY CIVIL AND SESSIONS JUDGE","City Civil Court Complex, Bangalore","31-CCH31 XXX ADDL. CITY CIVIL AND SESSIONS JUDGE","EX - EXECUTION PETITION UNDER ORDER","","02-01-2010","10/2010","","ALPHONSE C","G V KRISHNA REDDY","VIMALA","","","","","28-01-2011","Disposed","","Uncontested--DISPOSED OTHERWISE","","0 hearings","0 processes","0 transfers","0","0","0","0","0","","","2026-07-15T22:36:31.997757"
"EX/11/2010","KABC010069722010","4-CCH25 III ADDL. CITY CIVIL AND SESSIONS JUDGE","City Civil Court Complex, Bangalore","CCH25 III ADDL. CITY CIVIL AND SESSIONS JUDGE","EX - EXECUTION PETITION UNDER ORDER","","02-01-2010","11/2010","","SAKHWALKAR S N","Y K NARAYANA SHARMA","MS INTEGRATED HI TECH SOFTWARE PARK LTD.","","","","","15-10-2011","Disposed","Sub Stage","Uncontested--DISMISSED","","0 hearings","0 processes","0 transfers","0","0","0","0","0","","","2026-07-15T22:36:53.336013"
"EX/12/2010","KABC010069732010","17-CCH12 XVI ADDL. CITY CIVIL AND SESSIONS JUDGE","City Civil Court Complex, Bangalore","CCH12 XVI ADDL. CITY CIVIL AND SESSIONS JUDGE","EX - EXECUTION PETITION UNDER ORDER","","02-01-2010","12/2010","","M S ALTEON HEALTH CARE PVT LTD.","D PRABHAKAR","MS AMITY DISTRIBUTION AND MARKETING; MS AMITY PHARMA","","","","10-12-2012","05-12-2015","Disposed","Sub Stage","Uncontested--DISMISSED","","0 hearings","0 processes","0 transfers","0","0","0","0","0","","","2026-07-15T22:37:57.407752"
"EX/13/2010","KABC010069742010","847-CCH45 XLIV ADDL. CITY CIVIL AND SESSONS JUDGE","City Civil Court Complex, Bangalore","847-CCH45 XLIV ADDL. CITY CIVIL AND SESSONS JUDGE","EX - EXECUTION PETITION UNDER ORDER","","02-01-2010","13/2010","","SATHYA KEERTHI G K",".S NAGARAJ","MS KOTHARI INTERGROUP LTD.","","","","10-09-2012","22-02-2014","Disposed","","Contested--DISMISSED","","0 hearings","0 processes","0 transfers","0","0","0","0","0","","","2026-07-15T22:39:26.959010"
"EX/14/2010","KABC010069752010","2-CCH5 IX ADDL. CITY CIVIL AND SESSONS JUDGE","City Civil Court Complex, Bangalore","2-CCH5 IX ADDL. CITY CIVIL AND SESSONS JUDGE","EX - EXECUTION PETITION UNDER ORDER","","02-01-2010","14/2010","","SATHYANARAYANA L","J N RAJANNA REDDY","SECRETARY HOUSING AND URBAN DEVELOPMENT AUTHORITY; THE COMMISSIONER BDA; THE COMMISSIONER BBMP; SECRETARY KGE HOUSE BUILDING CO OP SOCIETY; RAMANATH K T; KANTHA","","","","","15-03-2010","Disposed","Sub Stage","Uncontested--DISPOSED OTHERWISE","","0 hearings","0 processes","0 transfers","0","0","0","0","0","","","2026-07-15T22:39:49.365086"
"EX/15/2010","KABC010069762010","26-CCH23 XXV ADDL. CITY CIVIL AND SESSIONS JUDGE","City Civil Court Complex, Bangalore","26-CCH23 XXV ADDL. CITY CIVIL AND SESSIONS JUDGE","EX - EXECUTION PETITION UNDER ORDER","","02-01-2010","15/2010","","SYED AZEEZULLA","KK VASANTH","EQBAL AHMED","","","","","12-07-2012","Disposed","","--REJECTED","","0 hearings","0 processes","0 transfers","0","0","0","0","0","","","2026-07-15T22:39:54.038619"
"EX/16/2010","KABC010069772010","15-CCH28 XIV ADDL. CITY CIVIL AND SESSIONS JUDGE","City Civil Court Complex, Bangalore","15-CCH28 XIV ADDL. CITY CIVIL AND SESSIONS JUDGE","EX - EXECUTION PETITION UNDER ORDER","","02-01-2010","16/2010","","MADAN LAL PAREKH","N JAGADISH BALIGA","THE CLUB","","","","","28-11-2011","Disposed","","--COMPROMISED","","0 hearings","0 processes","0 transfers","0","0","0","0","0","","","2026-07-15T22:40:16.359121"
"EX/17/2010","KABC010069782010","847-CCH45 XLIV ADDL. CITY CIVIL AND SESSONS JUDGE","City Civil Court Complex, Bangalore","847-CCH45 XLIV ADDL. CITY CIVIL AND SESSONS JUDGE","EX - EXECUTION PETITION UNDER ORDER","","02-01-2010","17/2010","","PRAVEEN KUMAR K R","S V NARAYANA MURTHY","GEETHA LAKSHMI; MUDDAIAH","","","","23-02-2013","10-02-2014","Disposed","Sub Stage","Contested--DISMISSED","","0 hearings","0 processes","0 transfers","0","0","0","0","0","","","2026-07-15T22:41:23.840186"
"EX/18/2010","KABC010005022010","32-CCH14 XXXI ADDL. CITY CIVIL AND SESSIONS JUDGE","City Civil Court Complex, Bangalore","CCH14 XXXI ADDL. CITY CIVIL AND SESSIONS JUDGE","EX - EXECUTION PETITION UNDER ORDER","","02-01-2010","18/2010","","RUDRAIAH H M","LOKESH BOOVANAHALLI","NAGARAJ K S","","","","14-07-2010","26-04-2014","Disposed","Sub Stage","Uncontested--DISMISED FOR DEFAULT","","0 hearings","0 processes","0 transfers","0","0","0","0","0","","","2026-07-15T22:43:56.970327"
"EX/20/2010","KABC010005032010","2-CCH5 IX ADDL. CITY CIVIL AND SESSONS JUDGE","City Civil Court Complex, Bangalore","2-CCH5 IX ADDL. CITY CIVIL AND SESSONS JUDGE","EX - EXECUTION PETITION UNDER ORDER","","02-01-2010","20/2010","","CANARA BANK","H S RUKKOJI RAO","VANITHA; ARMUGHAM R","","","","","02-04-2011","Disposed","","Uncontested--DISPOSED OTHERWISE","","0 hearings","0 processes","0 transfers","0","0","0","0","0","","","2026-07-15T22:44:12.733840"
"EX/21/2010","KABC010005042010","2-CCH5 IX ADDL. CITY CIVIL AND SESSONS JUDGE","City Civil Court Complex, Bangalore","2-CCH5 IX ADDL. CITY CIVIL AND SESSONS JUDGE","EX - EXECUTION PETITION UNDER ORDER","","02-01-2010","21/2010","","CANARA BANK","H S RUKKOJI RAO","BHARATH KUMAR JAIN; RITESH KUMAR JAIN","","","","","26-02-2011","Disposed","","--DISMISSED","","0 hearings","0 processes","0 transfers","0","0","0","0","0","","","2026-07-15T22:44:18.074610"
"EX/22/2010","KABC010005052010","2-CCH5 IX ADDL. CITY CIVIL AND SESSONS JUDGE","City Civil Court Complex, Bangalore","2-CCH5 IX ADDL. CITY CIVIL AND SESSONS JUDGE","EX - EXECUTION PETITION UNDER ORDER","","02-01-2010","22/2010","","CANARA BANK","H S RUKKOJI RAO","MS METRO ENTERPRISES; SUNIL R DAVEY; RAMBHJAI S DAVEY","","","","","05-02-2011","Disposed","","--DISMISSED","","0 hearings","0 processes","0 transfers","0","0","0","0","0","","","2026-07-15T22:44:45.306651"
