"cnr","case_number","business_index","business_date","business_text"
"KABC010069632010","EX/1/2010","1","17-03-2021","DHR absent. Advocate for DHR is also absent. On perusal of order sheet it is clear that even after the sufficient opportunities the DHR did not came forward to proceed with the execution petition. The matter is of the year 2010 and the conduct of the parties shows that, they are not interested in taking steps against JDR. Therefore this court is the opinion that, it is not proper to grant further time to the DHR to proceed with the case. Accordingly I proceed to pass the following ORDER The execution petition filed by the DHR is dismissed for non prosecution. Nature of Disposal : DISMISSED Disposal Date : 17-03-2021 CCH9 XXVII ADDL. CITY CIVIL AND SESSIONS JUDGE"
"KABC010069632010","EX/1/2010","2","20-01-2021","Call on Next Purpose : NOTICE Next Hearing Date : 17-03-2021 CCH9 XXVII ADDL. CITY CIVIL AND SESSIONS JUDGE"
"KABC010069632010","EX/1/2010","3","23-11-2020","P.O. is on training. Case is adjourned to Next Purpose : NOTICE Next Hearing Date : 20-01-2021 CCH9 XXVII ADDL. CITY CIVIL AND SESSIONS JUDGE"
"KABC010069632010","EX/1/2010","4","06-10-2020","For steps. Call on 23.11.2020. Next Purpose : NOTICE Next Hearing Date : 23-11-2020 CCH9 XXVII ADDL. CITY CIVIL AND SESSIONS JUDGE"
"KABC010069632010","EX/1/2010","5","29-07-2020","steps Next Purpose : NOTICE Next Hearing Date : 06-10-2020 CCH9 XXVII ADDL. CITY CIVIL AND SESSIONS JUDGE"
"KABC010069632010","EX/1/2010","6","22-06-2020","For steps. Call on 29.07.2020. Next Purpose : NOTICE Next Hearing Date : 29-07-2020 CCH9 XXVII ADDL. CITY CIVIL AND SESSIONS JUDGE"
"KABC010069632010","EX/1/2010","7","28-05-2020","Call on 22-06-2020 Next Purpose : NOTICE Next Hearing Date : 22-06-2020 CCH9 XXVII ADDL. CITY CIVIL AND SESSIONS JUDGE"
"KABC010069632010","EX/1/2010","8","29-02-2020","For steps by 28.05.2002. Next Purpose : NOTICE Next Hearing Date : 28-05-2020 CCH9 XXVII ADDL. CITY CIVIL AND SESSIONS JUDGE"
"KABC010069632010","EX/1/2010","9","18-01-2020","For steps Call on Next Purpose : NOTICE Next Hearing Date : 29-02-2020 CCH9 XXVII ADDL. CITY CIVIL AND SESSIONS JUDGE"
"KABC010069632010","EX/1/2010","10","04-12-2019","For steps Call on Next Purpose : NOTICE Next Hearing Date : 18-01-2020 CCH9 XXVII ADDL. CITY CIVIL AND SESSIONS JUDGE"
"KABC010069632010","EX/1/2010","11","15-10-2019","For steps Call on Next Purpose : NOTICE Next Hearing Date : 04-12-2019 CCH9 XXVII ADDL. CITY CIVIL AND SESSIONS JUDGE"
"KABC010069632010","EX/1/2010","12","03-08-2019","Advocate for Dhr filed process to issue cause notice to Jdr no.1 and attachment of movable warrant against Jdr No.2. Issue cause notice to Jdr No.1 and attachment of movable warrant against Jdr no.2. Returnable by 15.10.2019 . Next Purpose : NOTICE Next Hearing Date : 15-10-2019 CCH9 XXVII ADDL. CITY CIVIL AND SESSIONS JUDGE"
"KABC010069632010","EX/1/2010","13","29-06-2019","For Steps finally Call on 03.08.2019 Next Purpose : NOTICE Next Hearing Date : 03-08-2019 CCH9 XXVII ADDL. CITY CIVIL AND SESSIONS JUDGE"
"KABC010069632010","EX/1/2010","14","11-03-2019","Advocatefor Dhr filed process to issue cause notice to Jdr. Returnable by Next Purpose : NOTICE Next Hearing Date : 02-04-2019 CCH9 XXVII ADDL. CITY CIVIL AND SESSIONS JUDGE"
"KABC010069632010","EX/1/2010","15","01-02-2019","For steps call on Next Purpose : NOTICE Next Hearing Date : 11-03-2019 CCH9 XXVII ADDL. CITY CIVIL AND SESSIONS JUDGE"
"KABC010069632010","EX/1/2010","16","02-01-2019","Fro steps. Call on Next Purpose : NOTICE Next Hearing Date : 01-02-2019 CCH9 XXVII ADDL. CITY CIVIL AND SESSIONS JUDGE"
"KABC010069632010","EX/1/2010","17","25-10-2018","Await attachment warrant of movables of Jdr. Call on 2.1.2019 Next Purpose : NOTICE Next Hearing Date : 02-01-2019 CCH9 XXVII ADDL. CITY CIVIL AND SESSIONS JUDGE"
"KABC010069632010","EX/1/2010","18","01-10-2018","Advocate for Dhr present, filed process to issue cause notice to the Jdr No.1 and issue attachment of movable warrant to Jdr No.2. Issue cause notice to the Jdr No.1 and issue attachment of movable warrant to Jdr No.2. Returnable by 25.10. Next Purpose : NOTICE Next Hearing Date : 25-10-2018 CCH9 XXVII ADDL. CITY CIVIL AND SESSIONS JUDGE"
"KABC010069632010","EX/1/2010","19","05-07-2018","For steps Next Purpose : SUMMONS Next Hearing Date : 01-10-2018 CCH9 XXVII ADDL. CITY CIVIL AND SESSIONS JUDGE"
"KABC010069632010","EX/1/2010","20","11-04-2018","call on Next Purpose : SUMMONS Next Hearing Date : 05-07-2018 CCH9 XXVII ADDL. CITY CIVIL AND SESSIONS JUDGE"
"KABC010069632010","EX/1/2010","21","07-04-2018","For orders. Call on Next Hearing Date : 11-04-2018 CCH9 XXVII ADDL. CITY CIVIL AND SESSIONS JUDGE"
"KABC010069632010","EX/1/2010","22","24-03-2018","Arguments heard. For orders Next Hearing Date : 07-04-2018 CCH9 XXVII ADDL. CITY CIVIL AND SESSIONS JUDGE"
"KABC010069632010","EX/1/2010","23","24-02-2018","For steps Next Purpose : NOTICE Next Hearing Date : 24-03-2018 CCH9 XXVII ADDL. CITY CIVIL AND SESSIONS JUDGE"
"KABC010069632010","EX/1/2010","24","14-11-2017","For steps. Call on Next Purpose : NOTICE Next Hearing Date : 24-02-2018 CCH9 XXVII ADDL. CITY CIVIL AND SESSIONS JUDGE"
"KABC010069632010","EX/1/2010","25","14-08-2017","Await warrant for attachment of movables. Call on Next Purpose : NOTICE Next Hearing Date : 14-11-2017 CCH9 XXVII ADDL. CITY CIVIL AND SESSIONS JUDGE"
"KABC010069632010","EX/1/2010","26","04-08-2017","Reason for Adjournment : Adjournment request by Plaintiff/Appellant/ Adv. Next Purpose : NOTICE Next Hearing Date : 14-08-2017 CCH9 XXVII ADDL. CITY CIVIL AND SESSIONS JUDGE"
"KABC010069632010","EX/1/2010","27","12-04-2017","Next Purpose : NOTICE Next Hearing Date : 04-08-2017 CCH9 XXVII ADDL. CITY CIVIL AND SESSIONS JUDGE"
"KABC010069632010","EX/1/2010","28","19-01-2017","Next Purpose : NOTICE Next Hearing Date : 12-04-2017 CCH9 XXVII ADDL. CITY CIVIL AND SESSIONS JUDGE"
"KABC010069632010","EX/1/2010","29","01-10-2016","Next Purpose : NOTICE Next Hearing Date : 19-01-2017 CCH9 XXVII ADDL. CITY CIVIL AND SESSIONS JUDGE"
"KABC010069632010","EX/1/2010","30","20-06-2016","Next Purpose : SUMMONS Next Hearing Date : 01-10-2016 CCH9 XXVII ADDL. CITY CIVIL AND SESSIONS JUDGE"
"KABC010069632010","EX/1/2010","31","11-03-2016","Next Purpose : SUMMONS Next Hearing Date : 20-06-2016 CCH9 XXVII ADDL. CITY CIVIL AND SESSIONS JUDGE"
"KABC010069632010","EX/1/2010","32","17-11-2015","Next Purpose : SUMMONS Next Hearing Date : 11-03-2016 CCH9 XXVII ADDL. CITY CIVIL AND SESSIONS JUDGE"
"KABC010069632010","EX/1/2010","33","17-08-2015","Next Purpose : SUMMONS Next Hearing Date : 17-11-2015 CCH9 XXVII ADDL. CITY CIVIL AND SESSIONS JUDGE"
"KABC010069632010","EX/1/2010","34","04-06-2015","Next Purpose : NOTICE Next Hearing Date : 17-08-2015 CCH9 XXVII ADDL. CITY CIVIL AND SESSIONS JUDGE"
"KABC010069632010","EX/1/2010","35","15-04-2015","Next Purpose : SUMMONS Next Hearing Date : 04-06-2015 CCH9 XXVII ADDL. CITY CIVIL AND SESSIONS JUDGE"
"KABC010069632010","EX/1/2010","36","04-03-2015","Next Purpose : SUMMONS Next Hearing Date : 15-04-2015 CCH9 XXVII ADDL. CITY CIVIL AND SESSIONS JUDGE"
"KABC010069632010","EX/1/2010","37","13-02-2015","Next Purpose : SUMMONS Next Hearing Date : 04-03-2015 CCH9 XXVII ADDL. CITY CIVIL AND SESSIONS JUDGE"
"KABC010069632010","EX/1/2010","38","29-11-2014","Next Purpose : NOTICE Next Hearing Date : 13-02-2015 CCH18 XIX ADDL. CITY CIVIL AND SESSIONS JUDGE"
"KABC010069632010","EX/1/2010","39","25-06-2014","Next Purpose : NOTICE Next Hearing Date : 29-11-2014 CCH18 XIX ADDL. CITY CIVIL AND SESSIONS JUDGE"
"KABC010069632010","EX/1/2010","40","04-01-2014","Next Purpose : NOTICE Next Hearing Date : 25-06-2014 CCH18 XIX ADDL. CITY CIVIL AND SESSIONS JUDGE"
"KABC010069632010","EX/1/2010","41","30-07-2013","Next Purpose : NOTICE Next Hearing Date : 04-01-2014 CCH18 XIX ADDL. CITY CIVIL AND SESSIONS JUDGE"
"KABC010069632010","EX/1/2010","42","27-02-2013","Next Purpose : NOTICE Next Hearing Date : 30-07-2013 CCH18 XIX ADDL. CITY CIVIL AND SESSIONS JUDGE"
"KABC010069642010","EX/2/2010","1","05-08-2023","Case called. Counsel for DHR present and submitted that he is unable to trace the new address of JDR. Considering the age of the petition the E.P. is hereby closed for non taking steps at JDR. Nature of Disposal : DISPOSED OTHERWISE Disposal Date : 05-08-2023 CCH12 XVI ADDL. CITY CIVIL AND SESSIONS JUDGE"
"KABC010069642010","EX/2/2010","2","09-06-2023","Case called. No representation. Counsel for DHR directed to pay DPF in the office. Re-issue cause notice to JDR No.1 and 2 if DPF paid. Call on 05-08-2023. Next Purpose : NOTICE Next Hearing Date : 05-08-2023 CCH12 XVI ADDL. CITY CIVIL AND SESSIONS JUDGE"
"KABC010069642010","EX/2/2010","3","25-03-2023","Case called. No representation. Issue cause notice to JDR No.1 and 2 if DPF paid. Call on 09-06-2023. Next Purpose : NOTICE Next Hearing Date : 09-06-2023 CCH12 XVI ADDL. CITY CIVIL AND SESSIONS JUDGE"
"KABC010069642010","EX/2/2010","4","28-02-2023","PO is on leave Next Purpose : NOTICE Next Hearing Date : 25-03-2023 CCH12 XVI ADDL. CITY CIVIL AND SESSIONS JUDGE"
"KABC010069642010","EX/2/2010","5","14-11-2022","Case called twice. No representation. Issue cause notice to JDR No.1 and 2 if DPF paid. Call on 28-02-2023. Next Purpose : NOTICE Next Hearing Date : 28-02-2023 CCH12 XVI ADDL. CITY CIVIL AND SESSIONS JUDGE"
"KABC010069642010","EX/2/2010","6","17-09-2022","12.EX 2/2010 NO representation. Issue C/N to J.Dr No.1 and 2, if DPF paid. Call on 14.11.2022 Next Purpose : NOTICE Next Hearing Date : 14-11-2022 CCH12 XVI ADDL. CITY CIVIL AND SESSIONS JUDGE"
"KABC010069642010","EX/2/2010","7","06-08-2022","Case called. No representation. Issue cause notice to JDR No.1 and 2 if DPF paid. Call on 17-09-2022. Next Purpose : NOTICE Next Hearing Date : 17-09-2022 CCH12 XVI ADDL. CITY CIVIL AND SESSIONS JUDGE"
"KABC010069642010","EX/2/2010","8","30-06-2022","Case called. Counsel for DHR present and files process memo to issue cause notice to JDR No.1 and 2. Issue cause notice to JDR No.1 and 2. Call on 06-08-2022. Next Purpose : NOTICE Next Hearing Date : 06-08-2022 CCH12 XVI ADDL. CITY CIVIL AND SESSIONS JUDGE"
"KABC010069642010","EX/2/2010","9","16-04-2022","PO is on Leave Next Purpose : NOTICE Next Hearing Date : 30-06-2022 CCH12 XVI ADDL. CITY CIVIL AND SESSIONS JUDGE"
"KABC010069642010","EX/2/2010","10","19-02-2022","Case called. For further steps against JDR. Call on 16-04-2022. Next Purpose : NOTICE Next Hearing Date : 16-04-2022 CCH12 XVI ADDL. CITY CIVIL AND SESSIONS JUDGE"
"KABC010069642010","EX/2/2010","11","18-12-2021","Case called. No representation. Re-issue notice to JDR. Call on 19-02-2022. Next Purpose : NOTICE Next Hearing Date : 19-02-2022 CCH12 XVI ADDL. CITY CIVIL AND SESSIONS JUDGE"
"KABC010069642010","EX/2/2010","12","22-10-2021","Case called. Re-issue notice to JDR. Call on 18-12-2021. Next Purpose : NOTICE Next Hearing Date : 18-12-2021 CCH12 XVI ADDL. CITY CIVIL AND SESSIONS JUDGE"
"KABC010069642010","EX/2/2010","13","17-07-2021","Case called. No representation. Issue court notice to the DHR for further steps. Call on 22-10-2021. Next Purpose : NOTICE Next Hearing Date : 22-10-2021 CCH12 XVI ADDL. CITY CIVIL AND SESSIONS JUDGE"
"KABC010069642010","EX/2/2010","14","03-04-2021","Case called. DHR and his Counsel called out absent. No representation. For further steps finally as a last chance by 17-07-2021. Next Purpose : NOTICE Next Hearing Date : 17-07-2021 CCH12 XVI ADDL. CITY CIVIL AND SESSIONS JUDGE"
"KABC010069642010","EX/2/2010","15","04-01-2021","Case called. No representation. DHR and his Counsel called out absent. For steps finally by 03-04-2021. Next Purpose : NOTICE Next Hearing Date : 03-04-2021 CCH12 XVI ADDL. CITY CIVIL AND SESSIONS JUDGE"
"KABC010069642010","EX/2/2010","16","02-11-2020","Call on. Next Purpose : NOTICE Next Hearing Date : 04-01-2021 CCH12 XVI ADDL. CITY CIVIL AND SESSIONS JUDGE"
"KABC010069642010","EX/2/2010","17","27-10-2020","Call on. Next Purpose : NOTICE Next Hearing Date : 02-11-2020 CCH12 XVI ADDL. CITY CIVIL AND SESSIONS JUDGE"
"KABC010069642010","EX/2/2010","18","28-08-2020","For Call on. Next Purpose : NOTICE Next Hearing Date : 27-10-2020 CCH12 XVI ADDL. CITY CIVIL AND SESSIONS JUDGE"
"KABC010069642010","EX/2/2010","19","22-07-2020","In view of closure of court( covid19) Next Purpose : NOTICE Next Hearing Date : 28-08-2020 CCH12 XVI ADDL. CITY CIVIL AND SESSIONS JUDGE"
"KABC010069642010","EX/2/2010","20","29-06-2020","call on Next Purpose : NOTICE Next Hearing Date : 22-07-2020 CCH12 XVI ADDL. CITY CIVIL AND SESSIONS JUDGE"
"KABC010069642010","EX/2/2010","21","06-06-2020","Reason for Adjournment : National Lock Down Next Purpose : NOTICE Next Hearing Date : 29-06-2020 CCH12 XVI ADDL. CITY CIVIL AND SESSIONS JUDGE"
"KABC010069642010","EX/2/2010","22","07-02-2020","ಡಿಕ್ರಿದಾರರ ಪರ ವಕೀಲರು ಸಮಯ ಕೋರುತ್ತಿದ್ದಾರೆ. ಸಮಯ ನೀಡಲಾಗಿದೆ. ಮುಂದಿನ ಕ್ರಮಕ್ಕಾಗಿ ಮುಂದಿನ ಮುದ್ದತ್ತು 06-06-2020. Next Purpose : NOTICE Next Hearing Date : 06-06-2020 CCH12 XVI ADDL. CITY CIVIL AND SESSIONS JUDGE"
"KABC010069642010","EX/2/2010","23","22-11-2019","ಶುಲ್ಕ ಕೊಟ್ಟಿದ್ದು, ತೀರ್ಪುಋಣಿದಾರರಿಗೆ ನೋಟೀಸು ಹೊರಡಿಸಲು ಆದೇಶಿಸಲಾಗಿದೆ. ಮುಂದಿನ ಮುದ್ದತ್ತು 07-02-2020. Next Purpose : NOTICE Next Hearing Date : 07-02-2020 CCH12 XVI ADDL. CITY CIVIL AND SESSIONS JUDGE"
"KABC010069642010","EX/2/2010","24","27-09-2019","ಡಿಕ್ರಿದಾರರು ಮತ್ತು ಅವರ ಪರ ವಕೀಲರನ್ನು ಕರೆಸಲಾಗಿ ಗೈರುಹಾಜರು. ಮುಂದಿನ ಕ್ರಮಕ್ಕಾಗಿ ಕೊನೆಯ ಮುದ್ದತ್ತು 22-11-2019. Next Purpose : NOTICE Next Hearing Date : 22-11-2019 CCH12 XVI ADDL. CITY CIVIL AND SESSIONS JUDGE"
"KABC010069642010","EX/2/2010","25","17-07-2019","ಡಿಕ್ರಿದಾರರ ಮತ್ತು ಅವರ ಪರ ವಕೀಲರನ್ನು ಕರೆಸಲಾಗಿ ಗೈರುಹಾಜರು. ಸರಿಯಾದ ವಿಳಾಸ ಮತ್ತು ಶುಲ್ಕಕ್ಕಾಗಿ ಮುಂದಿನ ಮುದ್ದತ್ತು 27-09-2019. Next Purpose : NOTICE Next Hearing Date : 27-09-2019 CCH12 XVI ADDL. CITY CIVIL AND SESSIONS JUDGE"
"KABC010069642010","EX/2/2010","26","12-06-2019","Call on Next Purpose : NOTICE Next Hearing Date : 17-07-2019 CCH12 XVI ADDL. CITY CIVIL AND SESSIONS JUDGE"
"KABC010069642010","EX/2/2010","27","24-04-2019","EP notice to Judgment debtor No.1 unserved, Await Judgment debtor No.2. Decree holder counsel absent. Steps by Next Purpose : NOTICE Next Hearing Date : 12-06-2019 CCH12 XVI ADDL. CITY CIVIL AND SESSIONS JUDGE"
"KABC010069642010","EX/2/2010","28","02-03-2019","Steps taken. Reissue EP notice judgment debtor No.1 and 2. Next Purpose : NOTICE Next Hearing Date : 24-04-2019 CCH12 XVI ADDL. CITY CIVIL AND SESSIONS JUDGE"
"KABC010069642010","EX/2/2010","29","08-02-2019","P.O. is leave Next Purpose : NOTICE Next Hearing Date : 02-03-2019 CCH12 XVI ADDL. CITY CIVIL AND SESSIONS JUDGE"
"KABC010069642010","EX/2/2010","30","07-01-2019","Decree holder counsel absent. Steps Next Purpose : NOTICE Next Hearing Date : 08-02-2019 CCH12 XVI ADDL. CITY CIVIL AND SESSIONS JUDGE"
"KABC010069642010","EX/2/2010","31","06-12-2018","Decree holder counsel absent. Steps by Next Purpose : NOTICE Next Hearing Date : 07-01-2019 CCH12 XVI ADDL. CITY CIVIL AND SESSIONS JUDGE"
"KABC010069642010","EX/2/2010","32","19-11-2018","EP notice to Judgment debtor unserved for want of correct address. Judgment debtor counsel absent. Next Purpose : NOTICE Next Hearing Date : 06-12-2018 CCH12 XVI ADDL. CITY CIVIL AND SESSIONS JUDGE"
"KABC010069642010","EX/2/2010","33","06-10-2018","Steps taken. Re-issue EP notice to Judgment debtor. Returnable by 19-11-2018. Next Purpose : NOTICE Next Hearing Date : 19-11-2018 CCH12 XVI ADDL. CITY CIVIL AND SESSIONS JUDGE"
"KABC010069642010","EX/2/2010","34","20-09-2018","Decree holder and counsels are absent. Steps. Last chance by 06-10-2018. Next Purpose : NOTICE Next Hearing Date : 06-10-2018 CCH12 XVI ADDL. CITY CIVIL AND SESSIONS JUDGE"
"KABC010069642010","EX/2/2010","35","21-08-2018","Decree holder counsel absent. Steps. Last chance by 20-09-2018. Next Purpose : NOTICE Next Hearing Date : 20-09-2018 CCH12 XVI ADDL. CITY CIVIL AND SESSIONS JUDGE"
"KABC010069642010","EX/2/2010","36","31-07-2018","DHr counsel absent. Steps finally by 21.08.2018. Next Purpose : NOTICE Next Hearing Date : 21-08-2018 CCH12 XVI ADDL. CITY CIVIL AND SESSIONS JUDGE"
"KABC010069642010","EX/2/2010","37","07-07-2018","Decree holder counsel absent. Steps. Finally by 31-07-2018. Next Purpose : NOTICE Next Hearing Date : 31-07-2018 CCH12 XVI ADDL. CITY CIVIL AND SESSIONS JUDGE"
"KABC010069642010","EX/2/2010","38","15-06-2018","E.P. notice to Judgment debtor No.1 and 2 unserved. Decree holder counsel absent. Steps by 07-07-2018. Next Purpose : NOTICE Next Hearing Date : 07-07-2018 CCH12 XVI ADDL. CITY CIVIL AND SESSIONS JUDGE"
"KABC010069642010","EX/2/2010","39","02-04-2018","Steps taken. Re-issue E.P. notice to judgment debtor No.1 and 2. Returnable by 15-06-2018. Next Purpose : NOTICE Next Hearing Date : 15-06-2018 CCH12 XVI ADDL. CITY CIVIL AND SESSIONS JUDGE"
"KABC010069642010","EX/2/2010","40","08-03-2018","Decree holder counsel absent. For steps to D1 and D2 finally Next Purpose : NOTICE Next Hearing Date : 02-04-2018 CCH12 XVI ADDL. CITY CIVIL AND SESSIONS JUDGE"
"KABC010069642010","EX/2/2010","41","14-02-2018","E.P. notice to judgment debtor unserved for want correct address. For steps prays time. Call on 08-03-2018. Next Purpose : NOTICE Next Hearing Date : 08-03-2018 CCH12 XVI ADDL. CITY CIVIL AND SESSIONS JUDGE"
"KABC010069642010","EX/2/2010","42","01-01-2018","Steps taken. Issue E.P. notice to judgment debtor. Returnable by 14-02-2018. Next Purpose : NOTICE Next Hearing Date : 14-02-2018 CCH12 XVI ADDL. CITY CIVIL AND SESSIONS JUDGE"
"KABC010069642010","EX/2/2010","43","16-11-2017","Decree holder and counsels are called out absent. No representation. Steps. Last chance by 01-01-2018. Next Purpose : NOTICE Next Hearing Date : 01-01-2018 CCH12 XVI ADDL. CITY CIVIL AND SESSIONS JUDGE"
"KABC010069642010","EX/2/2010","44","06-10-2017","Decree holder and counsels are called out absent. No representation. Steps finally by 16-11-2017 Next Purpose : NOTICE Next Hearing Date : 16-11-2017 CCH12 XVI ADDL. CITY CIVIL AND SESSIONS JUDGE"
"KABC010069642010","EX/2/2010","45","21-08-2017","E.P. notice to judgment debtor No.1 unserved. Decree holder and counsels are absent. Steps by 06-10-2017. Next Purpose : NOTICE Next Hearing Date : 06-10-2017 CCH12 XVI ADDL. CITY CIVIL AND SESSIONS JUDGE"
"KABC010069642010","EX/2/2010","46","24-07-2017","Decree holder and counsels are absent. Await E.P. notice of judgment debtor No.1. Call on 21-08-2017. Short Order : 1-NOTICE Next Purpose : NOTICE Next Hearing Date : 21-08-2017 CCH12 XVI ADDL. CITY CIVIL AND SESSIONS JUDGE"
"KABC010069642010","EX/2/2010","47","03-06-2017","Next Purpose : NOTICE Next Hearing Date : 24-07-2017 CCH12 XVI ADDL. CITY CIVIL AND SESSIONS JUDGE"
"KABC010069642010","EX/2/2010","48","25-03-2017","Next Purpose : NOTICE Next Hearing Date : 03-06-2017 CCH12 XVI ADDL. CITY CIVIL AND SESSIONS JUDGE"
"KABC010069642010","EX/2/2010","49","14-02-2017","Next Purpose : NOTICE Next Hearing Date : 25-03-2017 CCH12 XVI ADDL. CITY CIVIL AND SESSIONS JUDGE"
"KABC010069642010","EX/2/2010","50","19-11-2016","Next Purpose : NOTICE Next Hearing Date : 14-02-2017 CCH12 XVI ADDL. CITY CIVIL AND SESSIONS JUDGE"
"KABC010069642010","EX/2/2010","51","24-09-2016","Next Purpose : NOTICE Next Hearing Date : 19-11-2016 CCH12 XVI ADDL. CITY CIVIL AND SESSIONS JUDGE"
"KABC010069642010","EX/2/2010","52","18-06-2016","Next Purpose : NOTICE Next Hearing Date : 24-09-2016 CCH12 XVI ADDL. CITY CIVIL AND SESSIONS JUDGE"
"KABC010069642010","EX/2/2010","53","26-03-2016","Next Purpose : NOTICE Next Hearing Date : 18-06-2016 CCH12 XVI ADDL. CITY CIVIL AND SESSIONS JUDGE"
"KABC010069642010","EX/2/2010","54","30-01-2016","Next Purpose : SUMMONS Next Hearing Date : 26-03-2016 CCH12 XVI ADDL. CITY CIVIL AND SESSIONS JUDGE"
"KABC010069642010","EX/2/2010","55","05-12-2015","Next Purpose : NOTICE Next Hearing Date : 30-01-2016 CCH12 XVI ADDL. CITY CIVIL AND SESSIONS JUDGE"
"KABC010069642010","EX/2/2010","56","17-10-2015","Next Purpose : NOTICE Next Hearing Date : 05-12-2015 CCH12 XVI ADDL. CITY CIVIL AND SESSIONS JUDGE"
"KABC010069642010","EX/2/2010","57","25-08-2015","Next Purpose : NOTICE Next Hearing Date : 17-10-2015 CCH12 XVI ADDL. CITY CIVIL AND SESSIONS JUDGE"
"KABC010069642010","EX/2/2010","58","13-02-2015","Next Purpose : SUMMONS Next Hearing Date : 25-08-2015 CCH12 XVI ADDL. CITY CIVIL AND SESSIONS JUDGE"
"KABC010069642010","EX/2/2010","59","29-11-2014","Next Purpose : NOTICE Next Hearing Date : 13-02-2015 CCH18 XIX ADDL. CITY CIVIL AND SESSIONS JUDGE"
"KABC010069642010","EX/2/2010","60","25-06-2014","Next Purpose : NOTICE Next Hearing Date : 29-11-2014 CCH18 XIX ADDL. CITY CIVIL AND SESSIONS JUDGE"
"KABC010069642010","EX/2/2010","61","04-01-2014","Next Purpose : NOTICE Next Hearing Date : 25-06-2014 CCH18 XIX ADDL. CITY CIVIL AND SESSIONS JUDGE"
"KABC010069642010","EX/2/2010","62","30-07-2013","Next Purpose : NOTICE Next Hearing Date : 04-01-2014 CCH18 XIX ADDL. CITY CIVIL AND SESSIONS JUDGE"
"KABC010069642010","EX/2/2010","63","27-02-2013","Next Purpose : NOTICE Next Hearing Date : 30-07-2013 CCH18 XIX ADDL. CITY CIVIL AND SESSIONS JUDGE"
"KABC010069652010","EX/3/2010","1","16-03-2021","Dhr absent. Advocate for DHR is also absent. No representation from the side of DHR. On perusal of order sheet it is clear that, this court has granted sufficient opportunities to the DHR in order to proceed with the case. Therefore, the court is of the opinion that, it is not proper to grant further time to the DHR to proceed with the case. Accordingly I proceed to pass the following ORDER The execution petition filed by the DHR is dismissed for non prosecution. Nature of Disposal : DISMISSED Disposal Date : 16-03-2021 CCH9 XXVII ADDL. CITY CIVIL AND SESSIONS JUDGE"
"KABC010069652010","EX/3/2010","2","02-02-2021","No representation. Issue court notice to the advocate for the petitioner to proceed with the case. Returnable by 16.03.2021. Next Purpose : NOTICE Next Hearing Date : 16-03-2021 CCH9 XXVII ADDL. CITY CIVIL AND SESSIONS JUDGE"
"KABC010069652010","EX/3/2010","3","04-11-2020","P.O. is on training. Case is adjourned to Next Purpose : NOTICE Next Hearing Date : 02-02-2021 CCH9 XXVII ADDL. CITY CIVIL AND SESSIONS JUDGE"
"KABC010069652010","EX/3/2010","4","07-09-2020","Call on 04.11.2020 Next Purpose : NOTICE Next Hearing Date : 04-11-2020 CCH9 XXVII ADDL. CITY CIVIL AND SESSIONS JUDGE"
"KABC010069652010","EX/3/2010","5","11-06-2020","Call on 07.09.2020. Next Purpose : NOTICE Next Hearing Date : 07-09-2020 CCH9 XXVII ADDL. CITY CIVIL AND SESSIONS JUDGE"
"KABC010069652010","EX/3/2010","6","09-03-2020","For steps. Call on 11.06.2020 Next Purpose : NOTICE Next Hearing Date : 11-06-2020 CCH9 XXVII ADDL. CITY CIVIL AND SESSIONS JUDGE"
"KABC010069652010","EX/3/2010","7","17-01-2020","Advocate for Dhr filed process to issue to issue cause notice to Jdr no.1 and 2 through hand. Re-issue cause notice to Jdr no.1 and 2 through hand. Returnable by 09.03.2020 Next Purpose : NOTICE Next Hearing Date : 09-03-2020 CCH9 XXVII ADDL. CITY CIVIL AND SESSIONS JUDGE"
"KABC010069652010","EX/3/2010","8","13-11-2019","Advocate for Dhr filed process to issue cause notice to the Jdr no.1 and 2 through hand. Issue Cause Notice Jdr no.1 an 2 through hand. Returnable by 17.01.2019 Next Purpose : NOTICE Next Hearing Date : 17-01-2020 CCH9 XXVII ADDL. CITY CIVIL AND SESSIONS JUDGE"
"KABC010069652010","EX/3/2010","9","16-09-2019","Advocate for Dhr filed process to issue cause notice to Jdr No.1 and 2. issue cause notice to Jdr No.1 and 2 Returnable by 13.11.2019 Next Purpose : NOTICE Next Hearing Date : 13-11-2019 CCH9 XXVII ADDL. CITY CIVIL AND SESSIONS JUDGE"
"KABC010069652010","EX/3/2010","10","05-09-2019","For steps finally Call on Next Purpose : NOTICE Next Hearing Date : 16-09-2019 CCH9 XXVII ADDL. CITY CIVIL AND SESSIONS JUDGE"
"KABC010069652010","EX/3/2010","11","01-07-2019","For Steps finally Call on 05.09.2019. Next Purpose : NOTICE Next Hearing Date : 05-09-2019 CCH9 XXVII ADDL. CITY CIVIL AND SESSIONS JUDGE"
"KABC010069652010","EX/3/2010","12","25-04-2019","For Steps Call on 01.07.2019. Next Purpose : NOTICE Next Hearing Date : 01-07-2019 CCH9 XXVII ADDL. CITY CIVIL AND SESSIONS JUDGE"
"KABC010069652010","EX/3/2010","13","15-02-2019","Await cause notice Call on 25.04.2019 Next Purpose : NOTICE Next Hearing Date : 25-04-2019 CCH9 XXVII ADDL. CITY CIVIL AND SESSIONS JUDGE"
"KABC010069652010","EX/3/2010","14","14-12-2018","Await cause Notice. Call on Next Purpose : NOTICE Next Hearing Date : 15-02-2019 CCH9 XXVII ADDL. CITY CIVIL AND SESSIONS JUDGE"
"KABC010069652010","EX/3/2010","15","20-10-2018","Advocate for Dhr present and filed process to issue cause notice to Jdrs No.1 and 2. For issue cause notice to Jdrs nO.1 and 2. Call on 14.12.2018. Next Purpose : NOTICE Next Hearing Date : 14-12-2018 CCH9 XXVII ADDL. CITY CIVIL AND SESSIONS JUDGE"
"KABC010069652010","EX/3/2010","16","20-07-2018","For steps Call on 20.10. Next Purpose : NOTICE Next Hearing Date : 20-10-2018 CCH9 XXVII ADDL. CITY CIVIL AND SESSIONS JUDGE"
"KABC010069652010","EX/3/2010","17","20-03-2018","For steps. Call on Next Purpose : NOTICE Next Hearing Date : 20-07-2018 CCH9 XXVII ADDL. CITY CIVIL AND SESSIONS JUDGE"
"KABC010069652010","EX/3/2010","18","11-12-2017","Await cause notice. Call on Next Purpose : NOTICE Next Hearing Date : 20-03-2018 CCH9 XXVII ADDL. CITY CIVIL AND SESSIONS JUDGE"
"KABC010069652010","EX/3/2010","19","07-09-2017","Issue cause notice to judgment debtor Call on Next Purpose : NOTICE Next Hearing Date : 11-12-2017 CCH9 XXVII ADDL. CITY CIVIL AND SESSIONS JUDGE"
"KABC010069652010","EX/3/2010","20","06-07-2017","call on Next Purpose : NOTICE Next Hearing Date : 07-09-2017 CCH9 XXVII ADDL. CITY CIVIL AND SESSIONS JUDGE"
"KABC010069652010","EX/3/2010","21","22-03-2017","Next Purpose : NOTICE Next Hearing Date : 06-07-2017 CCH9 XXVII ADDL. CITY CIVIL AND SESSIONS JUDGE"
"KABC010069652010","EX/3/2010","22","05-12-2016","Next Purpose : NOTICE Next Hearing Date : 22-03-2017 CCH9 XXVII ADDL. CITY CIVIL AND SESSIONS JUDGE"
"KABC010069652010","EX/3/2010","23","13-07-2016","Next Purpose : NOTICE Next Hearing Date : 22-03-2017 CCH9 XXVII ADDL. CITY CIVIL AND SESSIONS JUDGE"
"KABC010069652010","EX/3/2010","24","21-04-2016","Next Purpose : SUMMONS Next Hearing Date : 13-07-2016 CCH9 XXVII ADDL. CITY CIVIL AND SESSIONS JUDGE"
"KABC010069652010","EX/3/2010","25","03-02-2016","Next Purpose : SUMMONS Next Hearing Date : 21-04-2016 CCH9 XXVII ADDL. CITY CIVIL AND SESSIONS JUDGE"
"KABC010069652010","EX/3/2010","26","01-10-2015","Next Purpose : SUMMONS Next Hearing Date : 03-02-2016 CCH9 XXVII ADDL. CITY CIVIL AND SESSIONS JUDGE"
"KABC010069652010","EX/3/2010","27","21-07-2015","Next Purpose : SUMMONS Next Hearing Date : 01-10-2015 CCH9 XXVII ADDL. CITY CIVIL AND SESSIONS JUDGE"
"KABC010069652010","EX/3/2010","28","03-06-2015","Next Purpose : SUMMONS Next Hearing Date : 21-07-2015 CCH9 XXVII ADDL. CITY CIVIL AND SESSIONS JUDGE"
"KABC010069652010","EX/3/2010","29","29-11-2014","Next Purpose : NOTICE Next Hearing Date : 03-06-2015 CCH18 XIX ADDL. CITY CIVIL AND SESSIONS JUDGE"
"KABC010069652010","EX/3/2010","30","25-06-2014","Next Purpose : NOTICE Next Hearing Date : 29-11-2014 CCH18 XIX ADDL. CITY CIVIL AND SESSIONS JUDGE"
"KABC010069652010","EX/3/2010","31","04-01-2014","Next Purpose : NOTICE Next Hearing Date : 25-06-2014 CCH18 XIX ADDL. CITY CIVIL AND SESSIONS JUDGE"
"KABC010069652010","EX/3/2010","32","30-07-2013","Next Purpose : NOTICE Next Hearing Date : 04-01-2014 CCH18 XIX ADDL. CITY CIVIL AND SESSIONS JUDGE"
"KABC010069652010","EX/3/2010","33","27-02-2013","Next Purpose : NOTICE Next Hearing Date : 30-07-2013 CCH18 XIX ADDL. CITY CIVIL AND SESSIONS JUDGE"
"KABC010069652010","EX/3/2010","34","10-10-2012","Next Purpose : NOTICE Next Hearing Date : 27-02-2013 CCH18 XIX ADDL. CITY CIVIL AND SESSIONS JUDGE"
"KABC010069652010","EX/3/2010","35","20-06-2012","0 Short Order : 1-CONNECTED WITH Next Purpose : NOTICE Next Hearing Date : 10-10-2012 CCH18 XIX ADDL. CITY CIVIL AND SESSIONS JUDGE"
"KABC010069652010","EX/3/2010","36","04-02-2012","0 Next Purpose : NOTICE Next Hearing Date : 20-06-2012 CCH18 XIX ADDL. CITY CIVIL AND SESSIONS JUDGE"
"KABC010069652010","EX/3/2010","37","22-09-2011","0 Short Order : 1-NOTICE Next Purpose : NOTICE Next Hearing Date : 04-02-2012 CCH18 XIX ADDL. CITY CIVIL AND SESSIONS JUDGE"
"KABC010069652010","EX/3/2010","38","16-06-2011","0 Short Order : 1-NOTICE Next Purpose : NOTICE Next Hearing Date : 22-09-2011 CCH18 XIX ADDL. CITY CIVIL AND SESSIONS JUDGE"
"KABC010069652010","EX/3/2010","39","05-02-2011","0 Short Order : 1-NOTICE Next Purpose : NOTICE Next Hearing Date : 16-06-2011 CCH18 XIX ADDL. CITY CIVIL AND SESSIONS JUDGE"
"KABC010069652010","EX/3/2010","40","08-10-2010","0 Short Order : 1-NOTICE Next Purpose : NOTICE Next Hearing Date : 05-02-2011 CCH18 XIX ADDL. CITY CIVIL AND SESSIONS JUDGE"
"KABC010069652010","EX/3/2010","41","02-07-2010","0 Next Purpose : NOTICE Next Hearing Date : 08-10-2010 CCH18 XIX ADDL. CITY CIVIL AND SESSIONS JUDGE"
"KABC010069662010","EX/4/2010","1","02-01-2019","Case called out 11.00 a.m. and 03.25 p.m. Decree holder and counsel are absent. No representation from the Decree holder side. Hence this EP is closed. Nature of Disposal : DISPOSED OTHERWISE Disposal Date : 02-01-2019 CCH12 XVI ADDL. CITY CIVIL AND SESSIONS JUDGE"
"KABC010069662010","EX/4/2010","2","24-11-2018","Further steps prays time. Next Purpose : NOTICE Next Hearing Date : 02-01-2019 CCH12 XVI ADDL. CITY CIVIL AND SESSIONS JUDGE"
"KABC010069662010","EX/4/2010","3","25-10-2018","4/10 Further steps taken. Prays time. Call on 24.11.2018. Next Purpose : NOTICE Next Hearing Date : 24-11-2018 CCH12 XVI ADDL. CITY CIVIL AND SESSIONS JUDGE"
"KABC010069662010","EX/4/2010","4","20-09-2018","Decree holder counsel absent. For further steps. Call on 25-10-2018. Next Purpose : NOTICE Next Hearing Date : 25-10-2018 CCH12 XVI ADDL. CITY CIVIL AND SESSIONS JUDGE"
"KABC010069662010","EX/4/2010","5","21-08-2018","Decree holder counsel absent. For further steps. Finally by 20-09-2018. Next Purpose : NOTICE Next Hearing Date : 20-09-2018 CCH12 XVI ADDL. CITY CIVIL AND SESSIONS JUDGE"
"KABC010069662010","EX/4/2010","6","31-07-2018","DHr counsel absent. For further steps by 21.08.2018. Next Purpose : NOTICE Next Hearing Date : 21-08-2018 CCH12 XVI ADDL. CITY CIVIL AND SESSIONS JUDGE"
"KABC010069662010","EX/4/2010","7","07-07-2018","Decree holder counsel absent. For further steps. Finally by 31-07-2018. Next Purpose : NOTICE Next Hearing Date : 31-07-2018 CCH12 XVI ADDL. CITY CIVIL AND SESSIONS JUDGE"
"KABC010069662010","EX/4/2010","8","28-05-2018","Decree holder and counsels are absent. For further steps. Call on 07-07-2018. Next Purpose : NOTICE Next Hearing Date : 07-07-2018 CCH12 XVI ADDL. CITY CIVIL AND SESSIONS JUDGE"
"KABC010069662010","EX/4/2010","9","24-03-2018","Decree holder Counsel absent. Issue notice to judgment debtor No.1 and 2 through RPAD unserved for insufficient address. Further steps by 28/5/2018. Next Purpose : NOTICE Next Hearing Date : 28-05-2018 CCH12 XVI ADDL. CITY CIVIL AND SESSIONS JUDGE"
"KABC010069662010","EX/4/2010","10","07-02-2018","Steps taken. Re-issue notice to judgment debtor no.1 and 2 through RPAD. R/by 24.03.2018. Next Purpose : NOTICE Next Hearing Date : 24-03-2018 CCH12 XVI ADDL. CITY CIVIL AND SESSIONS JUDGE"
"KABC010069662010","EX/4/2010","11","11-01-2018","E.P. notice to judgment debtor No.1 and 2 unserved for want of correct address. decree holder counsel absent. Steps by 07-02-2018. Next Purpose : NOTICE Next Hearing Date : 07-02-2018 CCH12 XVI ADDL. CITY CIVIL AND SESSIONS JUDGE"
"KABC010069662010","EX/4/2010","12","20-11-2017","Issue E.P. notice to judgment debtor No.1 and 2. Returnable by 11-01-2018. Next Purpose : NOTICE Next Hearing Date : 11-01-2018 CCH12 XVI ADDL. CITY CIVIL AND SESSIONS JUDGE"
"KABC010069662010","EX/4/2010","13","21-10-2017","Decree holder and counsels are called out absent. No representation. Steps finally by 20-11-2017. Next Purpose : NOTICE Next Hearing Date : 20-11-2017 CCH12 XVI ADDL. CITY CIVIL AND SESSIONS JUDGE"
"KABC010069662010","EX/4/2010","14","01-09-2017","call on Next Purpose : NOTICE Next Hearing Date : 21-10-2017 CCH12 XVI ADDL. CITY CIVIL AND SESSIONS JUDGE"
"KABC010069662010","EX/4/2010","15","15-07-2017","Decree holder and counsels are absent. No representation. Steps by 01-09-2017. Next Purpose : NOTICE Next Hearing Date : 01-09-2017 CCH12 XVI ADDL. CITY CIVIL AND SESSIONS JUDGE"
"KABC010069662010","EX/4/2010","16","15-04-2017","Next Purpose : NOTICE Next Hearing Date : 15-07-2017 CCH12 XVI ADDL. CITY CIVIL AND SESSIONS JUDGE"
"KABC010069662010","EX/4/2010","17","15-02-2017","Next Purpose : NOTICE Next Hearing Date : 15-04-2017 CCH12 XVI ADDL. CITY CIVIL AND SESSIONS JUDGE"
"KABC010069662010","EX/4/2010","18","19-11-2016","Next Purpose : NOTICE Next Hearing Date : 15-02-2017 CCH12 XVI ADDL. CITY CIVIL AND SESSIONS JUDGE"
"KABC010069662010","EX/4/2010","19","24-09-2016","Next Purpose : NOTICE Next Hearing Date : 19-11-2016 CCH12 XVI ADDL. CITY CIVIL AND SESSIONS JUDGE"
"KABC010069662010","EX/4/2010","20","18-06-2016","Next Purpose : NOTICE Next Hearing Date : 24-09-2016 CCH12 XVI ADDL. CITY CIVIL AND SESSIONS JUDGE"
"KABC010069662010","EX/4/2010","21","26-03-2016","Next Purpose : NOTICE Next Hearing Date : 18-06-2016 CCH12 XVI ADDL. CITY CIVIL AND SESSIONS JUDGE"
"KABC010069662010","EX/4/2010","22","30-01-2016","Next Purpose : SUMMONS Next Hearing Date : 26-03-2016 CCH12 XVI ADDL. CITY CIVIL AND SESSIONS JUDGE"
"KABC010069662010","EX/4/2010","23","05-12-2015","Next Purpose : NOTICE Next Hearing Date : 30-01-2016 CCH12 XVI ADDL. CITY CIVIL AND SESSIONS JUDGE"
"KABC010069662010","EX/4/2010","24","17-10-2015","Next Purpose : SUMMONS Next Hearing Date : 05-12-2015 CCH12 XVI ADDL. CITY CIVIL AND SESSIONS JUDGE"
"KABC010069662010","EX/4/2010","25","22-07-2015","Next Purpose : SUMMONS Next Hearing Date : 17-10-2015 CCH12 XVI ADDL. CITY CIVIL AND SESSIONS JUDGE"
"KABC010069662010","EX/4/2010","26","19-06-2015","Next Purpose : SUMMONS Next Hearing Date : 22-07-2015 CCH12 XVI ADDL. CITY CIVIL AND SESSIONS JUDGE"
"KABC010069662010","EX/4/2010","27","27-01-2015","Next Purpose : SUMMONS Next Hearing Date : 19-06-2015 CCH12 XVI ADDL. CITY CIVIL AND SESSIONS JUDGE"
"KABC010069662010","EX/4/2010","28","07-08-2014","Next Purpose : NOTICE Next Hearing Date : 27-01-2015 CCH18 XIX ADDL. CITY CIVIL AND SESSIONS JUDGE"
"KABC010069662010","EX/4/2010","29","24-02-2014","Next Purpose : NOTICE Next Hearing Date : 07-08-2014 CCH18 XIX ADDL. CITY CIVIL AND SESSIONS JUDGE"
"KABC010069662010","EX/4/2010","30","18-09-2013","Next Purpose : NOTICE Next Hearing Date : 24-02-2014 CCH18 XIX ADDL. CITY CIVIL AND SESSIONS JUDGE"
"KABC010069662010","EX/4/2010","31","05-04-2013","Next Purpose : NOTICE Next Hearing Date : 18-09-2013 CCH18 XIX ADDL. CITY CIVIL AND SESSIONS JUDGE"
"KABC010069662010","EX/4/2010","32","26-11-2012","Next Purpose : NOTICE Next Hearing Date : 05-04-2013 CCH18 XIX ADDL. CITY CIVIL AND SESSIONS JUDGE"
"KABC010069662010","EX/4/2010","33","27-07-2012","0 Short Order : 1-CONNECTED WITH Next Purpose : NOTICE Next Hearing Date : 26-11-2012 CCH18 XIX ADDL. CITY CIVIL AND SESSIONS JUDGE"
"KABC010069662010","EX/4/2010","34","15-03-2012","0 Next Purpose : NOTICE Next Hearing Date : 27-07-2012 CCH18 XIX ADDL. CITY CIVIL AND SESSIONS JUDGE"
"KABC010069662010","EX/4/2010","35","10-11-2011","0 Next Purpose : NOTICE Next Hearing Date : 15-03-2012 CCH18 XIX ADDL. CITY CIVIL AND SESSIONS JUDGE"
"KABC010069662010","EX/4/2010","36","19-07-2011","0 Short Order : 1-NOTICE Next Purpose : NOTICE Next Hearing Date : 10-11-2011 CCH18 XIX ADDL. CITY CIVIL AND SESSIONS JUDGE"
"KABC010069662010","EX/4/2010","37","14-03-2011","0 Short Order : 1-NOTICE Next Purpose : NOTICE Next Hearing Date : 19-07-2011 CCH18 XIX ADDL. CITY CIVIL AND SESSIONS JUDGE"
"KABC010069662010","EX/4/2010","38","29-09-2010","0 Next Purpose : SUMMONS Next Hearing Date : 22-10-2010 CCH18 XIX ADDL. CITY CIVIL AND SESSIONS JUDGE"
"KABC010069662010","EX/4/2010","39","25-06-2010","0 Next Purpose : SUMMONS Next Hearing Date : 29-09-2010 CCH18 XIX ADDL. CITY CIVIL AND SESSIONS JUDGE"
"KABC010069662010","EX/4/2010","40","29-05-2010","0 Next Purpose : HEARING Next Hearing Date : 25-06-2010 CCH18 XIX ADDL. CITY CIVIL AND SESSIONS JUDGE"
"KABC010069662010","EX/4/2010","41","15-02-2010","0 Next Purpose : HEARING Next Hearing Date : 29-05-2010 CCH18 XIX ADDL. CITY CIVIL AND SESSIONS JUDGE"
"KABC010069672010","EX/5/2010","1","12-07-2012",""
"KABC010069672010","EX/5/2010","2","19-07-2010","0 Next Purpose : SUMMONS Next Hearing Date : 04-08-2010 CCH17 II ADDL. CITY CIVIL AND SESSIONS JUDGE"
"KABC010069672010","EX/5/2010","3","01-03-2010","0 Next Purpose : SUMMONS Next Hearing Date : 03-04-2010 CCH17 II ADDL. CITY CIVIL AND SESSIONS JUDGE"
"KABC010069682010","EX/6/2010","1","17-08-2019","Nature of Disposal : DISPOSED OTHERWISE Disposal Date : 17-08-2019 CCH12 XVI ADDL. CITY CIVIL AND SESSIONS JUDGE"
"KABC010069682010","EX/6/2010","2","20-07-2019","ಡಿಕ್ರಿದಾರರು ಮತ್ತು ಅವರ ಪರ ವಕೀಲರನ್ನು ಕರೆಸಲಾಗಿ ಗೈರುಹಾಜರು. ಕಡಿಮೆ ಬಿದ್ದ ಶುಲ್ಕಕ್ಕಾಗಿ ಕೊನೆಯ ಮುದ್ದತ್ತು 17-08-2019. Next Purpose : NOTICE Next Hearing Date : 17-08-2019 CCH12 XVI ADDL. CITY CIVIL AND SESSIONS JUDGE"
"KABC010069682010","EX/6/2010","3","15-06-2019","ಶುಲ್ಕ ಕೊಟ್ಟಿದ್ದು, ತೀರ್ಪುಋಣಿದಾರರಿಗೆ ನೋಟೀಸು ಹ‍ೊರಡಿಸಲು ಆದೇಶಿಸಲಾಗಿದೆ. ಮುಂದಿನ ಮುದ್ದತ್ತು 20-07-2019. Next Purpose : NOTICE Next Hearing Date : 20-07-2019 CCH12 XVI ADDL. CITY CIVIL AND SESSIONS JUDGE"
"KABC010069682010","EX/6/2010","4","11-04-2019","Call on Next Purpose : NOTICE Next Hearing Date : 15-06-2019 CCH12 XVI ADDL. CITY CIVIL AND SESSIONS JUDGE"
"KABC010069682010","EX/6/2010","5","26-02-2019","Decree holder counsel absent. Steps. Next Purpose : NOTICE Next Hearing Date : 11-04-2019 CCH12 XVI ADDL. CITY CIVIL AND SESSIONS JUDGE"
"KABC010069682010","EX/6/2010","6","04-02-2019","Decree holder counsel absent. Steps by Next Purpose : NOTICE Next Hearing Date : 26-02-2019 CCH12 XVI ADDL. CITY CIVIL AND SESSIONS JUDGE"
"KABC010069682010","EX/6/2010","7","19-01-2019","Decree holder counsel absent. EP notice to Judgment debtor No.1 unserved. Steps. Next Purpose : NOTICE Next Hearing Date : 04-02-2019 CCH12 XVI ADDL. CITY CIVIL AND SESSIONS JUDGE"
"KABC010069682010","EX/6/2010","8","13-12-2018","EP notice to Judgment debtor No.2 unserved. Await EP notice of Judgment debtor Next Purpose : NOTICE Next Hearing Date : 19-01-2019 CCH12 XVI ADDL. CITY CIVIL AND SESSIONS JUDGE"
"KABC010069682010","EX/6/2010","9","25-10-2018","Steps taken. Reissue EP notice to Judgment debtor No.1 and 2. R/by 13.12.2018. Next Purpose : NOTICE Next Hearing Date : 13-12-2018 CCH12 XVI ADDL. CITY CIVIL AND SESSIONS JUDGE"
"KABC010069682010","EX/6/2010","10","20-09-2018","Decree holder and counsels are absent. Steps. Last chance by 25-10-2018. Next Purpose : NOTICE Next Hearing Date : 25-10-2018 CCH12 XVI ADDL. CITY CIVIL AND SESSIONS JUDGE"
"KABC010069682010","EX/6/2010","11","30-08-2018","Decree holder counsel absent. Steps to Judgment debtor No.1 and 2. Call on 20-09-2018. Next Purpose : NOTICE Next Hearing Date : 20-09-2018 CCH12 XVI ADDL. CITY CIVIL AND SESSIONS JUDGE"
"KABC010069682010","EX/6/2010","12","02-08-2018","EP notice to Judgment debtor No.2 through RPAD unserved. Decree holder counsel present. For steps to Judgment debtor No.1 and 2. Call on 30-08-2018. Next Purpose : NOTICE Next Hearing Date : 30-08-2018 CCH12 XVI ADDL. CITY CIVIL AND SESSIONS JUDGE"
"KABC010069682010","EX/6/2010","13","16-07-2018","Decree holder and counsels are absent. Steps to Judgment debtor No.1 and await E.P. notice of Judgment debtor No.2. Call on 02-08-2018. Next Purpose : NOTICE Next Hearing Date : 02-08-2018 CCH12 XVI ADDL. CITY CIVIL AND SESSIONS JUDGE"
"KABC010069682010","EX/6/2010","14","04-07-2018","P.O is on leave Next Purpose : NOTICE Next Hearing Date : 16-07-2018 CCH12 XVI ADDL. CITY CIVIL AND SESSIONS JUDGE"
"KABC010069682010","EX/6/2010","15","07-06-2018","Decree holder counsel absent. Await E.P. notice of Judgment debtor No.2. Call on 04-07-2018. Next Purpose : NOTICE Next Hearing Date : 04-07-2018 CCH12 XVI ADDL. CITY CIVIL AND SESSIONS JUDGE"
"KABC010069682010","EX/6/2010","16","07-04-2018","Await E.P. notice of judgment debtor No.2. E.P. notice to the judgment debtor No.1 through RPAD unserved. Decree holder counsel present. Call on 07-06-2018. Next Purpose : NOTICE Next Hearing Date : 07-06-2018 CCH12 XVI ADDL. CITY CIVIL AND SESSIONS JUDGE"
"KABC010069682010","EX/6/2010","17","28-02-2018","E.P. notice to judgment debtor No.1 and 2 unserved. Steps taken. Re-issue E.P. notice to judgment debtor No.2 through RPAD. Returnable by 07-04-2018. Next Purpose : NOTICE Next Hearing Date : 07-04-2018 CCH12 XVI ADDL. CITY CIVIL AND SESSIONS JUDGE"
"KABC010069682010","EX/6/2010","18","08-02-2018","Await EP notice Next Purpose : NOTICE Next Hearing Date : 28-02-2018 CCH12 XVI ADDL. CITY CIVIL AND SESSIONS JUDGE"
"KABC010069682010","EX/6/2010","19","11-01-2018","Await E.P. notice of judgment debtor No.1 and 2. Call on 08-02-2018. Next Purpose : NOTICE Next Hearing Date : 08-02-2018 CCH12 XVI ADDL. CITY CIVIL AND SESSIONS JUDGE"
"KABC010069682010","EX/6/2010","20","20-11-2017","Issue E.P. notice to judgment debtor No.1 and 2. Returnable by 11-01-2018. Next Purpose : NOTICE Next Hearing Date : 11-01-2018 CCH12 XVI ADDL. CITY CIVIL AND SESSIONS JUDGE"
"KABC010069682010","EX/6/2010","21","21-10-2017","Decree holder and counsels are called out absent. No representation. Steps finally by 20-11-2017. Next Purpose : NOTICE Next Hearing Date : 20-11-2017 CCH12 XVI ADDL. CITY CIVIL AND SESSIONS JUDGE"
"KABC010069682010","EX/6/2010","22","11-09-2017","Decree holder and counsels are called out absent. No representation. Steps by 21-10-2017. Next Purpose : NOTICE Next Hearing Date : 21-10-2017 CCH12 XVI ADDL. CITY CIVIL AND SESSIONS JUDGE"
"KABC010069682010","EX/6/2010","23","10-08-2017","Both parties are called out absent. Decree holder counsel absent. E.P. notice to judgment debtor unserved. For steps by 11-09-2017. Next Purpose : NOTICE Next Hearing Date : 11-09-2017 CCH12 XVI ADDL. CITY CIVIL AND SESSIONS JUDGE"
"KABC010069682010","EX/6/2010","24","15-06-2017","Await notice Next Purpose : NOTICE Next Hearing Date : 10-08-2017 CCH12 XVI ADDL. CITY CIVIL AND SESSIONS JUDGE"
"KABC010069682010","EX/6/2010","25","07-04-2017","Next Purpose : NOTICE Next Hearing Date : 15-06-2017 CCH12 XVI ADDL. CITY CIVIL AND SESSIONS JUDGE"
"KABC010069682010","EX/6/2010","26","04-02-2017","Next Purpose : NOTICE Next Hearing Date : 07-04-2017 CCH12 XVI ADDL. CITY CIVIL AND SESSIONS JUDGE"
"KABC010069682010","EX/6/2010","27","05-11-2016","Next Purpose : NOTICE Next Hearing Date : 04-02-2017 CCH12 XVI ADDL. CITY CIVIL AND SESSIONS JUDGE"
"KABC010069682010","EX/6/2010","28","07-07-2016","Next Purpose : NOTICE Next Hearing Date : 05-11-2016 CCH12 XVI ADDL. CITY CIVIL AND SESSIONS JUDGE"
"KABC010069682010","EX/6/2010","29","01-04-2016","Next Purpose : NOTICE Next Hearing Date : 07-07-2016 CCH12 XVI ADDL. CITY CIVIL AND SESSIONS JUDGE"
"KABC010069682010","EX/6/2010","30","06-02-2016","Next Purpose : NOTICE Next Hearing Date : 01-04-2016 CCH12 XVI ADDL. CITY CIVIL AND SESSIONS JUDGE"
"KABC010069682010","EX/6/2010","31","19-12-2015","Next Purpose : NOTICE Next Hearing Date : 06-02-2016 CCH12 XVI ADDL. CITY CIVIL AND SESSIONS JUDGE"
"KABC010069682010","EX/6/2010","32","14-10-2015","Next Purpose : NOTICE Next Hearing Date : 19-12-2015 CCH12 XVI ADDL. CITY CIVIL AND SESSIONS JUDGE"
"KABC010069682010","EX/6/2010","33","13-04-2015","Next Purpose : NOTICE Next Hearing Date : 14-10-2015 CCH12 XVI ADDL. CITY CIVIL AND SESSIONS JUDGE"
"KABC010069682010","EX/6/2010","34","07-11-2014","Next Purpose : NOTICE Next Hearing Date : 13-04-2015 CCH18 XIX ADDL. CITY CIVIL AND SESSIONS JUDGE"
"KABC010069682010","EX/6/2010","35","03-06-2014","Next Purpose : NOTICE Next Hearing Date : 07-11-2014 CCH18 XIX ADDL. CITY CIVIL AND SESSIONS JUDGE"
"KABC010069682010","EX/6/2010","36","05-12-2013","Next Purpose : NOTICE Next Hearing Date : 03-06-2014 CCH18 XIX ADDL. CITY CIVIL AND SESSIONS JUDGE"
"KABC010069682010","EX/6/2010","37","09-07-2013","Next Purpose : NOTICE Next Hearing Date : 05-12-2013 CCH18 XIX ADDL. CITY CIVIL AND SESSIONS JUDGE"
"KABC010069682010","EX/6/2010","38","09-04-2013","Next Purpose : NOTICE Next Hearing Date : 09-07-2013 CCH18 XIX ADDL. CITY CIVIL AND SESSIONS JUDGE"
"KABC010069682010","EX/6/2010","39","12-02-2013","Next Purpose : NOTICE Next Hearing Date : 09-04-2013 CCH18 XIX ADDL. CITY CIVIL AND SESSIONS JUDGE"
"KABC010069682010","EX/6/2010","40","27-09-2012","Next Purpose : NOTICE Next Hearing Date : 12-02-2013 CCH18 XIX ADDL. CITY CIVIL AND SESSIONS JUDGE"
"KABC010069682010","EX/6/2010","41","07-06-2012","0 Short Order : 1-CONNECTED WITH Next Purpose : NOTICE Next Hearing Date : 27-09-2012 CCH18 XIX ADDL. CITY CIVIL AND SESSIONS JUDGE"
"KABC010069682010","EX/6/2010","42","24-01-2012","0 Next Purpose : NOTICE Next Hearing Date : 07-06-2012 CCH18 XIX ADDL. CITY CIVIL AND SESSIONS JUDGE"
"KABC010069682010","EX/6/2010","43","13-09-2011","0 Short Order : 1-NOTICE Next Purpose : NOTICE Next Hearing Date : 24-01-2012 CCH18 XIX ADDL. CITY CIVIL AND SESSIONS JUDGE"
"KABC010069682010","EX/6/2010","44","06-06-2011","0 Short Order : 1-NOTICE Next Purpose : NOTICE Next Hearing Date : 13-09-2011 CCH18 XIX ADDL. CITY CIVIL AND SESSIONS JUDGE"
"KABC010069682010","EX/6/2010","45","27-01-2011","0 Short Order : 1-NOTICE Next Purpose : NOTICE Next Hearing Date : 06-06-2011 CCH18 XIX ADDL. CITY CIVIL AND SESSIONS JUDGE"
"KABC010069682010","EX/6/2010","46","24-09-2010","0 Next Purpose : SUMMONS Next Hearing Date : 27-01-2011 CCH18 XIX ADDL. CITY CIVIL AND SESSIONS JUDGE"
"KABC010069692010","EX/7/2010","1","27-03-2010","disposed Nature of Disposal : DISPOSED OTHERWISE Disposal Date : 27-03-2010 CCH25 III ADDL. CITY CIVIL AND SESSIONS JUDGE"
"KABC010069692010","EX/7/2010","2","26-03-2010","Next Purpose : HEARING Next Hearing Date : 27-03-2010 CCH25 III ADDL. CITY CIVIL AND SESSIONS JUDGE"
"KABC010069702010","EX/9/2010","1","11-11-2013","Nature of Disposal : DISMISED FOR DEFAULT Disposal Date : 11-11-2013 CCH28 XIV ADDL. CITY CIVIL AND SESSIONS JUDGE"
"KABC010069702010","EX/9/2010","2","10-09-2013","Next Purpose : NOTICE Next Hearing Date : 11-11-2013 CCH28 XIV ADDL. CITY CIVIL AND SESSIONS JUDGE"
"KABC010069702010","EX/9/2010","3","12-08-2013","Next Purpose : NOTICE Next Hearing Date : 10-09-2013 CCH28 XIV ADDL. CITY CIVIL AND SESSIONS JUDGE"
"KABC010069702010","EX/9/2010","4","18-06-2013","Next Purpose : NOTICE Next Hearing Date : 12-08-2013 CCH28 XIV ADDL. CITY CIVIL AND SESSIONS JUDGE"
"KABC010069702010","EX/9/2010","5","16-04-2013","Next Purpose : NOTICE Next Hearing Date : 18-06-2013 CCH28 XIV ADDL. CITY CIVIL AND SESSIONS JUDGE"
"KABC010069702010","EX/9/2010","6","11-02-2013","Next Purpose : NOTICE Next Hearing Date : 16-04-2013 CCH28 XIV ADDL. CITY CIVIL AND SESSIONS JUDGE"
"KABC010069702010","EX/9/2010","7","04-12-2012","Next Purpose : NOTICE Next Hearing Date : 11-02-2013 CCH28 XIV ADDL. CITY CIVIL AND SESSIONS JUDGE"
"KABC010069702010","EX/9/2010","8","16-10-2012","Next Purpose : NOTICE Next Hearing Date : 04-12-2012 CCH28 XIV ADDL. CITY CIVIL AND SESSIONS JUDGE"
"KABC010069702010","EX/9/2010","9","31-08-2012","Next Purpose : HEARING Next Hearing Date : 16-10-2012 CCH28 XIV ADDL. CITY CIVIL AND SESSIONS JUDGE"
"KABC010069702010","EX/9/2010","10","09-07-2012","0 Next Purpose : NOTICE Next Hearing Date : 31-08-2012 CCH28 XIV ADDL. CITY CIVIL AND SESSIONS JUDGE"
"KABC010069702010","EX/9/2010","11","19-04-2012","0 Short Order : 1-SUMMONS ISSUED Next Purpose : SUMMONS Next Hearing Date : 09-07-2012 CCH28 XIV ADDL. CITY CIVIL AND SESSIONS JUDGE"
"KABC010069702010","EX/9/2010","12","26-03-2012","0 Short Order : 1-NOTICE Next Purpose : SUMMONS Next Hearing Date : 19-04-2012 CCH28 XIV ADDL. CITY CIVIL AND SESSIONS JUDGE"
"KABC010069702010","EX/9/2010","13","16-01-2012","0 Short Order : 1-NOTICE Next Purpose : NOTICE Next Hearing Date : 26-03-2012 CCH28 XIV ADDL. CITY CIVIL AND SESSIONS JUDGE"
"KABC010069702010","EX/9/2010","14","02-01-2012","0 Short Order : 1-NOTICE Next Purpose : NOTICE Next Hearing Date : 16-01-2012 CCH28 XIV ADDL. CITY CIVIL AND SESSIONS JUDGE"
"KABC010069702010","EX/9/2010","15","19-10-2011","0 Short Order : 1-SUMMONS ISSUED Next Purpose : SUMMONS Next Hearing Date : 02-01-2012 CCH28 XIV ADDL. CITY CIVIL AND SESSIONS JUDGE"
"KABC010069702010","EX/9/2010","16","19-08-2011","0 Short Order : 1-SUMMONS ISSUED Next Purpose : SUMMONS Next Hearing Date : 19-10-2011 CCH28 XIV ADDL. CITY CIVIL AND SESSIONS JUDGE"
"KABC010069702010","EX/9/2010","17","05-07-2011","0 Next Purpose : SUMMONS Next Hearing Date : 19-08-2011 CCH28 XIV ADDL. CITY CIVIL AND SESSIONS JUDGE"
"KABC010069702010","EX/9/2010","18","30-05-2011","0 Short Order : 1-SUMMONS ISSUED Next Purpose : SUMMONS Next Hearing Date : 05-07-2011 CCH28 XIV ADDL. CITY CIVIL AND SESSIONS JUDGE"
"KABC010069702010","EX/9/2010","19","28-03-2011","0 Short Order : 1-SUMMONS ISSUED Next Purpose : SUMMONS Next Hearing Date : 30-05-2011 CCH28 XIV ADDL. CITY CIVIL AND SESSIONS JUDGE"
"KABC010069702010","EX/9/2010","20","04-02-2011","0 Short Order : 1-SUMMONS ISSUED Next Purpose : SUMMONS Next Hearing Date : 30-05-2011 CCH28 XIV ADDL. CITY CIVIL AND SESSIONS JUDGE"
"KABC010069702010","EX/9/2010","21","18-12-2010","0 Short Order : 1-SUMMONS ISSUED Next Purpose : SUMMONS Next Hearing Date : 04-02-2011 CCH28 XIV ADDL. CITY CIVIL AND SESSIONS JUDGE"
"KABC010069702010","EX/9/2010","22","02-11-2010","0 Next Purpose : SUMMONS Next Hearing Date : 18-12-2010 CCH28 XIV ADDL. CITY CIVIL AND SESSIONS JUDGE"
"KABC010069702010","EX/9/2010","23","28-08-2010","0 Short Order : 1-SUMMONS ISSUED Next Purpose : SUMMONS Next Hearing Date : 02-11-2010 CCH28 XIV ADDL. CITY CIVIL AND SESSIONS JUDGE"
"KABC010069702010","EX/9/2010","24","10-08-2010","0 Next Purpose : SUMMONS Next Hearing Date : 28-08-2010 CCH28 XIV ADDL. CITY CIVIL AND SESSIONS JUDGE"
"KABC010069702010","EX/9/2010","25","16-04-2010","0 Short Order : 1-SUMMONS ISSUED Next Purpose : SUMMONS Next Hearing Date : 10-08-2010 CCH28 XIV ADDL. CITY CIVIL AND SESSIONS JUDGE"
"KABC010069712010","EX/10/2010","1","28-01-2011","Disposed Nature of Disposal : DISPOSED OTHERWISE Disposal Date : 28-01-2011 CCH31 XXX ADDL. CITY CIVIL AND SESSIONS JUDGE"
"KABC010069722010","EX/11/2010","1","15-10-2011","EP is dismissed. Nature of Disposal : DISMISSED Disposal Date : 15-10-2011 CCH25 III ADDL. CITY CIVIL AND SESSIONS JUDGE"
"KABC010069722010","EX/11/2010","2","29-10-2010","Next Purpose : HEARING Next Hearing Date : 30-10-2010 CCH25 III ADDL. CITY CIVIL AND SESSIONS JUDGE"
"KABC010069732010","EX/12/2010","1","05-12-2015","E P is dismissed. Nature of Disposal : DISMISSED Disposal Date : 05-12-2015 CCH12 XVI ADDL. CITY CIVIL AND SESSIONS JUDGE"
"KABC010069732010","EX/12/2010","2","03-10-2015","Next Purpose : NOTICE Next Hearing Date : 05-12-2015 CCH12 XVI ADDL. CITY CIVIL AND SESSIONS JUDGE"
"KABC010069732010","EX/12/2010","3","24-08-2015","Next Purpose : NOTICE Next Hearing Date : 03-10-2015 CCH12 XVI ADDL. CITY CIVIL AND SESSIONS JUDGE"
"KABC010069732010","EX/12/2010","4","17-02-2015","Next Purpose : SUMMONS Next Hearing Date : 24-08-2015 CCH12 XVI ADDL. CITY CIVIL AND SESSIONS JUDGE"
"KABC010069732010","EX/12/2010","5","30-08-2014","Next Purpose : NOTICE Next Hearing Date : 17-02-2015"
"KABC010069732010","EX/12/2010","6","17-03-2014","Next Purpose : NOTICE Next Hearing Date : 30-08-2014 CCH18 XIX ADDL. CITY CIVIL AND SESSIONS JUDGE"
"KABC010069732010","EX/12/2010","7","10-10-2013","Next Purpose : NOTICE Next Hearing Date : 17-03-2014 CCH18 XIX ADDL. CITY CIVIL AND SESSIONS JUDGE"
"KABC010069732010","EX/12/2010","8","27-05-2013","Next Purpose : NOTICE Next Hearing Date : 10-10-2013 CCH18 XIX ADDL. CITY CIVIL AND SESSIONS JUDGE"
"KABC010069732010","EX/12/2010","9","10-12-2012","Next Purpose : NOTICE Next Hearing Date : 27-05-2013 CCH18 XIX ADDL. CITY CIVIL AND SESSIONS JUDGE"
"KABC010069732010","EX/12/2010","10","10-08-2012","0 Short Order : 1-CONNECTED WITH Next Purpose : NOTICE Next Hearing Date : 10-12-2012 CCH18 XIX ADDL. CITY CIVIL AND SESSIONS JUDGE"
"KABC010069742010","EX/13/2010","1","22-02-2014","E.P is dismissed for default. Nature of Disposal : DISMISSED Disposal Date : 22-02-2014 CCH45 XLIV ADDL. CITY CIVIL AND SESSONS JUDGE"
"KABC010069742010","EX/13/2010","2","16-01-2014","Next Purpose : SUMMONS Next Hearing Date : 22-02-2014 CCH45 XLIV ADDL. CITY CIVIL AND SESSONS JUDGE"
"KABC010069742010","EX/13/2010","3","19-11-2013","Next Purpose : SUMMONS Next Hearing Date : 16-01-2014 CCH45 XLIV ADDL. CITY CIVIL AND SESSONS JUDGE"
"KABC010069742010","EX/13/2010","4","23-09-2013","Next Purpose : HEARING Next Hearing Date : 19-11-2013 CCH45 XLIV ADDL. CITY CIVIL AND SESSONS JUDGE"
"KABC010069742010","EX/13/2010","5","27-07-2013","Next Purpose : HEARING Next Hearing Date : 23-09-2013 CCH45 XLIV ADDL. CITY CIVIL AND SESSONS JUDGE"
"KABC010069742010","EX/13/2010","6","15-06-2013","Next Purpose : HEARING Next Hearing Date : 27-07-2013 CCH45 XLIV ADDL. CITY CIVIL AND SESSONS JUDGE"
"KABC010069742010","EX/13/2010","7","20-04-2013","Next Purpose : HEARING Next Hearing Date : 15-06-2013 CCH45 XLIV ADDL. CITY CIVIL AND SESSONS JUDGE"
"KABC010069742010","EX/13/2010","8","02-03-2013","Next Purpose : HEARING Next Hearing Date : 20-04-2013 CCH45 XLIV ADDL. CITY CIVIL AND SESSONS JUDGE"
"KABC010069742010","EX/13/2010","9","19-01-2013","Next Purpose : SUMMONS Next Hearing Date : 02-03-2013 CCH45 XLIV ADDL. CITY CIVIL AND SESSONS JUDGE"
"KABC010069742010","EX/13/2010","10","10-12-2012","Next Purpose : SUMMONS Next Hearing Date : 19-01-2013 CCH45 XLIV ADDL. CITY CIVIL AND SESSONS JUDGE"
"KABC010069742010","EX/13/2010","11","06-12-2012","Next Purpose : SUMMONS Next Hearing Date : 10-12-2012 CCH45 XLIV ADDL. CITY CIVIL AND SESSONS JUDGE"
"KABC010069742010","EX/13/2010","12","20-11-2012","Next Purpose : SUMMONS Next Hearing Date : 06-12-2012 CCH45 XLIV ADDL. CITY CIVIL AND SESSONS JUDGE"
"KABC010069742010","EX/13/2010","13","02-11-2012","Next Purpose : SUMMONS Next Hearing Date : 20-11-2012 CCH45 XLIV ADDL. CITY CIVIL AND SESSONS JUDGE"
"KABC010069742010","EX/13/2010","14","11-10-2012","Next Purpose : HEARING Next Hearing Date : 02-11-2012 CCH45 XLIV ADDL. CITY CIVIL AND SESSONS JUDGE"
"KABC010069742010","EX/13/2010","15","29-09-2012","Next Purpose : HEARING Next Hearing Date : 11-10-2012 CCH45 XLIV ADDL. CITY CIVIL AND SESSONS JUDGE"
"KABC010069752010","EX/14/2010","1","15-03-2010","Disposed Nature of Disposal : DISPOSED OTHERWISE Disposal Date : 15-03-2010 CCH5 IX ADDL. CITY CIVIL AND SESSONS JUDGE"
"KABC010069752010","EX/14/2010","2","14-03-2010","Next Purpose : HEARING Next Hearing Date : 15-03-2010 CCH5 IX ADDL. CITY CIVIL AND SESSONS JUDGE"
"KABC010069762010","EX/15/2010","1","12-07-2012",""
"KABC010069772010","EX/16/2010","1","28-11-2011",""
"KABC010069782010","EX/17/2010","1","10-02-2014","E.P is dismissed for default. Nature of Disposal : DISMISSED Disposal Date : 10-02-2014 CCH45 XLIV ADDL. CITY CIVIL AND SESSONS JUDGE"
"KABC010069782010","EX/17/2010","2","07-12-2013","Next Purpose : SUMMONS Next Hearing Date : 10-02-2014 CCH45 XLIV ADDL. CITY CIVIL AND SESSONS JUDGE"
"KABC010069782010","EX/17/2010","3","05-10-2013","Next Purpose : SUMMONS Next Hearing Date : 07-12-2013 CCH45 XLIV ADDL. CITY CIVIL AND SESSONS JUDGE"
"KABC010069782010","EX/17/2010","4","14-08-2013","Next Purpose : SUMMONS Next Hearing Date : 05-10-2013 CCH45 XLIV ADDL. CITY CIVIL AND SESSONS JUDGE"
"KABC010069782010","EX/17/2010","5","27-06-2013","Next Purpose : SUMMONS Next Hearing Date : 14-08-2013 CCH45 XLIV ADDL. CITY CIVIL AND SESSONS JUDGE"
"KABC010069782010","EX/17/2010","6","06-04-2013","Next Purpose : HEARING Next Hearing Date : 27-06-2013 CCH45 XLIV ADDL. CITY CIVIL AND SESSONS JUDGE"
"KABC010069782010","EX/17/2010","7","23-02-2013","Next Purpose : HEARING Next Hearing Date : 06-04-2013 CCH45 XLIV ADDL. CITY CIVIL AND SESSONS JUDGE"
"KABC010005022010","EX/18/2010","1","26-04-2014","Nature of Disposal : DISMISED FOR DEFAULT Disposal Date : 26-04-2014 CCH14 XXXI ADDL. CITY CIVIL AND SESSIONS JUDGE"
"KABC010005022010","EX/18/2010","2","21-02-2014","Next Purpose : SUMMONS Next Hearing Date : 26-04-2014 CCH14 XXXI ADDL. CITY CIVIL AND SESSIONS JUDGE"
"KABC010005022010","EX/18/2010","3","10-12-2013","Reason for Adjournment : Adjournment request by Plaintiff/Appellant/ Adv. Next Purpose : SUMMONS Next Hearing Date : 21-02-2014"
"KABC010005022010","EX/18/2010","4","31-10-2013","Reason for Adjournment : Adjournment request by Plaintiff/Appellant/ Adv. Next Purpose : SUMMONS Next Hearing Date : 10-12-2013 CCH14 XXXI ADDL. CITY CIVIL AND SESSIONS JUDGE"
"KABC010005022010","EX/18/2010","5","02-08-2013","Reason for Adjournment : Adjournment request by Plaintiff/Appellant/ Adv. Next Purpose : SUMMONS Next Hearing Date : 31-10-2013 CCH14 XXXI ADDL. CITY CIVIL AND SESSIONS JUDGE"
"KABC010005022010","EX/18/2010","6","06-04-2013","Reason for Adjournment : Adjournment request by Plaintiff/Appellant/ Adv. Next Purpose : SUMMONS Next Hearing Date : 02-08-2013 CCH14 XXXI ADDL. CITY CIVIL AND SESSIONS JUDGE"
"KABC010005022010","EX/18/2010","7","14-12-2012","Reason for Adjournment : Adjournment request by Plaintiff/Appellant/ Adv. Next Purpose : SUMMONS Next Hearing Date : 06-04-2013 CCH14 XXXI ADDL. CITY CIVIL AND SESSIONS JUDGE"
"KABC010005022010","EX/18/2010","8","05-10-2012","Reason for Adjournment : Adjournment request by Plaintiff/Appellant/ Adv. Next Purpose : SUMMONS Next Hearing Date : 14-12-2012 CCH14 XXXI ADDL. CITY CIVIL AND SESSIONS JUDGE"
"KABC010005022010","EX/18/2010","9","27-07-2012","0 Next Purpose : SUMMONS Next Hearing Date : 05-10-2012 CCH14 XXXI ADDL. CITY CIVIL AND SESSIONS JUDGE"
"KABC010005022010","EX/18/2010","10","23-06-2012","0 Next Purpose : SUMMONS Next Hearing Date : 27-07-2012 CCH14 XXXI ADDL. CITY CIVIL AND SESSIONS JUDGE"
"KABC010005022010","EX/18/2010","11","31-03-2012","DHR & advocate absent. Next Purpose : SUMMONS Next Hearing Date : 23-06-2012 CCH14 XXXI ADDL. CITY CIVIL AND SESSIONS JUDGE"
"KABC010005022010","EX/18/2010","12","03-02-2012","0 Next Purpose : SUMMONS Next Hearing Date : 31-03-2012 CCH14 XXXI ADDL. CITY CIVIL AND SESSIONS JUDGE"
"KABC010005022010","EX/18/2010","13","03-12-2011","0 Short Order : 1-NOTICE Next Purpose : SUMMONS Next Hearing Date : 03-02-2012 CCH14 XXXI ADDL. CITY CIVIL AND SESSIONS JUDGE"
"KABC010005022010","EX/18/2010","14","28-10-2011","0 Next Purpose : ISSUES Next Hearing Date : 03-12-2011 CCH14 XXXI ADDL. CITY CIVIL AND SESSIONS JUDGE"
"KABC010005022010","EX/18/2010","15","17-09-2011","0 Short Order : 1-NOTICE Next Purpose : SUMMONS Next Hearing Date : 28-10-2011 CCH14 XXXI ADDL. CITY CIVIL AND SESSIONS JUDGE"
"KABC010005022010","EX/18/2010","16","05-08-2011","0 Short Order : 1-NOTICE Next Purpose : SUMMONS Next Hearing Date : 17-09-2011 CCH14 XXXI ADDL. CITY CIVIL AND SESSIONS JUDGE"
"KABC010005022010","EX/18/2010","17","25-06-2011","0 Next Purpose : SUMMONS Next Hearing Date : 05-08-2011 CCH14 XXXI ADDL. CITY CIVIL AND SESSIONS JUDGE"
"KABC010005022010","EX/18/2010","18","23-04-2011","0 Short Order : 1-NOTICE Next Purpose : SUMMONS Next Hearing Date : 25-06-2011 CCH14 XXXI ADDL. CITY CIVIL AND SESSIONS JUDGE"
"KABC010005022010","EX/18/2010","19","24-03-2011","0 Short Order : 1-NOTICE Next Purpose : SUMMONS Next Hearing Date : 23-04-2011 CCH14 XXXI ADDL. CITY CIVIL AND SESSIONS JUDGE"
"KABC010005022010","EX/18/2010","20","23-02-2011","0 Short Order : 1-NOTICE Next Purpose : SUMMONS Next Hearing Date : 24-03-2011 CCH14 XXXI ADDL. CITY CIVIL AND SESSIONS JUDGE"
"KABC010005022010","EX/18/2010","21","25-01-2011","0 Short Order : 1-NOTICE Next Purpose : SUMMONS Next Hearing Date : 23-02-2011 CCH14 XXXI ADDL. CITY CIVIL AND SESSIONS JUDGE"
"KABC010005022010","EX/18/2010","22","08-12-2010","0 Short Order : 1-NOTICE Next Purpose : SUMMONS Next Hearing Date : 25-01-2011 CCH14 XXXI ADDL. CITY CIVIL AND SESSIONS JUDGE"
"KABC010005022010","EX/18/2010","23","21-10-2010","0 Next Purpose : SUMMONS Next Hearing Date : 08-12-2010 CCH14 XXXI ADDL. CITY CIVIL AND SESSIONS JUDGE"
"KABC010005022010","EX/18/2010","24","24-09-2010","0 Next Purpose : SUMMONS Next Hearing Date : 21-10-2010 CCH14 XXXI ADDL. CITY CIVIL AND SESSIONS JUDGE"
"KABC010005022010","EX/18/2010","25","21-08-2010","0 Next Purpose : SUMMONS Next Hearing Date : 24-09-2010 CCH14 XXXI ADDL. CITY CIVIL AND SESSIONS JUDGE"
"KABC010005022010","EX/18/2010","26","14-07-2010","0 Next Purpose : SUMMONS Next Hearing Date : 21-08-2010 CCH14 XXXI ADDL. CITY CIVIL AND SESSIONS JUDGE"
"KABC010005022010","EX/18/2010","27","08-06-2010","0 Next Purpose : SUMMONS Next Hearing Date : 14-07-2010 CCH14 XXXI ADDL. CITY CIVIL AND SESSIONS JUDGE"
"KABC010005032010","EX/20/2010","1","02-04-2011","Disposed Nature of Disposal : DISPOSED OTHERWISE Disposal Date : 02-04-2011 CCH5 IX ADDL. CITY CIVIL AND SESSONS JUDGE"
"KABC010005042010","EX/21/2010","1","26-02-2011",""
"KABC010005052010","EX/22/2010","1","05-02-2011",""
