"cnr","case_number","history_index","hearing_date","order_number","judge","purpose_of_hearing","business_summary"
"KABC010069632010","EX/1/2010","1","17-03-2021","","CCH9 XXVII ADDL. CITY CIVIL AND SESSIONS JUDGE","Disposed","Disposed"
"KABC010069632010","EX/1/2010","2","17-03-2021","","CCH9 XXVII ADDL. CITY CIVIL AND SESSIONS JUDGE","NOTICE","NOTICE"
"KABC010069632010","EX/1/2010","3","20-01-2021","","CCH9 XXVII ADDL. CITY CIVIL AND SESSIONS JUDGE","NOTICE","NOTICE"
"KABC010069632010","EX/1/2010","4","23-11-2020","","CCH9 XXVII ADDL. CITY CIVIL AND SESSIONS JUDGE","NOTICE","NOTICE"
"KABC010069632010","EX/1/2010","5","06-10-2020","","CCH9 XXVII ADDL. CITY CIVIL AND SESSIONS JUDGE","NOTICE","NOTICE"
"KABC010069632010","EX/1/2010","6","29-07-2020","","CCH9 XXVII ADDL. CITY CIVIL AND SESSIONS JUDGE","NOTICE","NOTICE"
"KABC010069632010","EX/1/2010","7","22-06-2020","","CCH9 XXVII ADDL. CITY CIVIL AND SESSIONS JUDGE","NOTICE","NOTICE"
"KABC010069632010","EX/1/2010","8","28-05-2020","","CCH9 XXVII ADDL. CITY CIVIL AND SESSIONS JUDGE","NOTICE","NOTICE"
"KABC010069632010","EX/1/2010","9","29-02-2020","","CCH9 XXVII ADDL. CITY CIVIL AND SESSIONS JUDGE","NOTICE","NOTICE"
"KABC010069632010","EX/1/2010","10","18-01-2020","","CCH9 XXVII ADDL. CITY CIVIL AND SESSIONS JUDGE","NOTICE","NOTICE"
"KABC010069632010","EX/1/2010","11","04-12-2019","","CCH9 XXVII ADDL. CITY CIVIL AND SESSIONS JUDGE","NOTICE","NOTICE"
"KABC010069632010","EX/1/2010","12","15-10-2019","","CCH9 XXVII ADDL. CITY CIVIL AND SESSIONS JUDGE","NOTICE","NOTICE"
"KABC010069632010","EX/1/2010","13","03-08-2019","","CCH9 XXVII ADDL. CITY CIVIL AND SESSIONS JUDGE","NOTICE","NOTICE"
"KABC010069632010","EX/1/2010","14","29-06-2019","","CCH9 XXVII ADDL. CITY CIVIL AND SESSIONS JUDGE","NOTICE","NOTICE"
"KABC010069632010","EX/1/2010","15","02-04-2019","","CCH9 XXVII ADDL. CITY CIVIL AND SESSIONS JUDGE","NOTICE","NOTICE"
"KABC010069632010","EX/1/2010","16","11-03-2019","","CCH9 XXVII ADDL. CITY CIVIL AND SESSIONS JUDGE","NOTICE","NOTICE"
"KABC010069632010","EX/1/2010","17","01-02-2019","","CCH9 XXVII ADDL. CITY CIVIL AND SESSIONS JUDGE","NOTICE","NOTICE"
"KABC010069632010","EX/1/2010","18","02-01-2019","","CCH9 XXVII ADDL. CITY CIVIL AND SESSIONS JUDGE","NOTICE","NOTICE"
"KABC010069632010","EX/1/2010","19","25-10-2018","","CCH9 XXVII ADDL. CITY CIVIL AND SESSIONS JUDGE","NOTICE","NOTICE"
"KABC010069632010","EX/1/2010","20","01-10-2018","","CCH9 XXVII ADDL. CITY CIVIL AND SESSIONS JUDGE","SUMMONS","SUMMONS"
"KABC010069632010","EX/1/2010","21","05-07-2018","","CCH9 XXVII ADDL. CITY CIVIL AND SESSIONS JUDGE","SUMMONS","SUMMONS"
"KABC010069632010","EX/1/2010","22","11-04-2018","","CCH9 XXVII ADDL. CITY CIVIL AND SESSIONS JUDGE","ORDERS","ORDERS"
"KABC010069632010","EX/1/2010","23","07-04-2018","","CCH9 XXVII ADDL. CITY CIVIL AND SESSIONS JUDGE","ORDERS","ORDERS"
"KABC010069632010","EX/1/2010","24","24-03-2018","","CCH9 XXVII ADDL. CITY CIVIL AND SESSIONS JUDGE","NOTICE","NOTICE"
"KABC010069632010","EX/1/2010","25","24-02-2018","","CCH9 XXVII ADDL. CITY CIVIL AND SESSIONS JUDGE","NOTICE","NOTICE"
"KABC010069632010","EX/1/2010","26","14-11-2017","","CCH9 XXVII ADDL. CITY CIVIL AND SESSIONS JUDGE","NOTICE","NOTICE"
"KABC010069632010","EX/1/2010","27","14-08-2017","","CCH9 XXVII ADDL. CITY CIVIL AND SESSIONS JUDGE","NOTICE","NOTICE"
"KABC010069632010","EX/1/2010","28","04-08-2017","","CCH9 XXVII ADDL. CITY CIVIL AND SESSIONS JUDGE","NOTICE","NOTICE"
"KABC010069632010","EX/1/2010","29","12-04-2017","","CCH9 XXVII ADDL. CITY CIVIL AND SESSIONS JUDGE","NOTICE","NOTICE"
"KABC010069632010","EX/1/2010","30","19-01-2017","","CCH9 XXVII ADDL. CITY CIVIL AND SESSIONS JUDGE","NOTICE","NOTICE"
"KABC010069632010","EX/1/2010","31","01-10-2016","","CCH9 XXVII ADDL. CITY CIVIL AND SESSIONS JUDGE","SUMMONS","SUMMONS"
"KABC010069632010","EX/1/2010","32","20-06-2016","","CCH9 XXVII ADDL. CITY CIVIL AND SESSIONS JUDGE","SUMMONS","SUMMONS"
"KABC010069632010","EX/1/2010","33","11-03-2016","","CCH9 XXVII ADDL. CITY CIVIL AND SESSIONS JUDGE","SUMMONS","SUMMONS"
"KABC010069632010","EX/1/2010","34","17-11-2015","","CCH9 XXVII ADDL. CITY CIVIL AND SESSIONS JUDGE","SUMMONS","SUMMONS"
"KABC010069632010","EX/1/2010","35","17-08-2015","","CCH9 XXVII ADDL. CITY CIVIL AND SESSIONS JUDGE","NOTICE","NOTICE"
"KABC010069632010","EX/1/2010","36","04-06-2015","","CCH9 XXVII ADDL. CITY CIVIL AND SESSIONS JUDGE","SUMMONS","SUMMONS"
"KABC010069632010","EX/1/2010","37","15-04-2015","","CCH9 XXVII ADDL. CITY CIVIL AND SESSIONS JUDGE","SUMMONS","SUMMONS"
"KABC010069632010","EX/1/2010","38","04-03-2015","","CCH9 XXVII ADDL. CITY CIVIL AND SESSIONS JUDGE","SUMMONS","SUMMONS"
"KABC010069632010","EX/1/2010","39","13-02-2015","","CCH18 XIX ADDL. CITY CIVIL AND SESSIONS JUDGE","NOTICE","NOTICE"
"KABC010069632010","EX/1/2010","40","29-11-2014","","CCH18 XIX ADDL. CITY CIVIL AND SESSIONS JUDGE","NOTICE","NOTICE"
"KABC010069632010","EX/1/2010","41","25-06-2014","","CCH18 XIX ADDL. CITY CIVIL AND SESSIONS JUDGE","NOTICE","NOTICE"
"KABC010069632010","EX/1/2010","42","04-01-2014","","CCH18 XIX ADDL. CITY CIVIL AND SESSIONS JUDGE","NOTICE","NOTICE"
"KABC010069632010","EX/1/2010","43","30-07-2013","","CCH18 XIX ADDL. CITY CIVIL AND SESSIONS JUDGE","NOTICE","NOTICE"
"KABC010069632010","EX/1/2010","44","27-02-2013","","","Restored","Restored"
"KABC010069642010","EX/2/2010","1","05-08-2023","","CCH12 XVI ADDL. CITY CIVIL AND SESSIONS JUDGE","Disposed","Disposed"
"KABC010069642010","EX/2/2010","2","05-08-2023","","CCH12 XVI ADDL. CITY CIVIL AND SESSIONS JUDGE","NOTICE","NOTICE"
"KABC010069642010","EX/2/2010","3","09-06-2023","","CCH12 XVI ADDL. CITY CIVIL AND SESSIONS JUDGE","NOTICE","NOTICE"
"KABC010069642010","EX/2/2010","4","25-03-2023","","CCH12 XVI ADDL. CITY CIVIL AND SESSIONS JUDGE","NOTICE","NOTICE"
"KABC010069642010","EX/2/2010","5","28-02-2023","","CCH12 XVI ADDL. CITY CIVIL AND SESSIONS JUDGE","NOTICE","NOTICE"
"KABC010069642010","EX/2/2010","6","14-11-2022","","CCH12 XVI ADDL. CITY CIVIL AND SESSIONS JUDGE","NOTICE","NOTICE"
"KABC010069642010","EX/2/2010","7","17-09-2022","","CCH12 XVI ADDL. CITY CIVIL AND SESSIONS JUDGE","NOTICE","NOTICE"
"KABC010069642010","EX/2/2010","8","06-08-2022","","CCH12 XVI ADDL. CITY CIVIL AND SESSIONS JUDGE","NOTICE","NOTICE"
"KABC010069642010","EX/2/2010","9","30-06-2022","","CCH12 XVI ADDL. CITY CIVIL AND SESSIONS JUDGE","NOTICE","NOTICE"
"KABC010069642010","EX/2/2010","10","16-04-2022","","CCH12 XVI ADDL. CITY CIVIL AND SESSIONS JUDGE","NOTICE","NOTICE"
"KABC010069642010","EX/2/2010","11","19-02-2022","","CCH12 XVI ADDL. CITY CIVIL AND SESSIONS JUDGE","NOTICE","NOTICE"
"KABC010069642010","EX/2/2010","12","18-12-2021","","CCH12 XVI ADDL. CITY CIVIL AND SESSIONS JUDGE","NOTICE","NOTICE"
"KABC010069642010","EX/2/2010","13","22-10-2021","","CCH12 XVI ADDL. CITY CIVIL AND SESSIONS JUDGE","NOTICE","NOTICE"
"KABC010069642010","EX/2/2010","14","17-07-2021","","CCH12 XVI ADDL. CITY CIVIL AND SESSIONS JUDGE","NOTICE","NOTICE"
"KABC010069642010","EX/2/2010","15","03-04-2021","","CCH12 XVI ADDL. CITY CIVIL AND SESSIONS JUDGE","NOTICE","NOTICE"
"KABC010069642010","EX/2/2010","16","04-01-2021","","CCH12 XVI ADDL. CITY CIVIL AND SESSIONS JUDGE","NOTICE","NOTICE"
"KABC010069642010","EX/2/2010","17","02-11-2020","","CCH12 XVI ADDL. CITY CIVIL AND SESSIONS JUDGE","NOTICE","NOTICE"
"KABC010069642010","EX/2/2010","18","27-10-2020","","CCH12 XVI ADDL. CITY CIVIL AND SESSIONS JUDGE","NOTICE","NOTICE"
"KABC010069642010","EX/2/2010","19","28-08-2020","","CCH12 XVI ADDL. CITY CIVIL AND SESSIONS JUDGE","NOTICE","NOTICE"
"KABC010069642010","EX/2/2010","20","22-07-2020","","CCH12 XVI ADDL. CITY CIVIL AND SESSIONS JUDGE","NOTICE","NOTICE"
"KABC010069642010","EX/2/2010","21","29-06-2020","","CCH12 XVI ADDL. CITY CIVIL AND SESSIONS JUDGE","NOTICE","NOTICE"
"KABC010069642010","EX/2/2010","22","06-06-2020","","CCH12 XVI ADDL. CITY CIVIL AND SESSIONS JUDGE","NOTICE","NOTICE"
"KABC010069642010","EX/2/2010","23","07-02-2020","","CCH12 XVI ADDL. CITY CIVIL AND SESSIONS JUDGE","NOTICE","NOTICE"
"KABC010069642010","EX/2/2010","24","22-11-2019","","CCH12 XVI ADDL. CITY CIVIL AND SESSIONS JUDGE","NOTICE","NOTICE"
"KABC010069642010","EX/2/2010","25","27-09-2019","","CCH12 XVI ADDL. CITY CIVIL AND SESSIONS JUDGE","NOTICE","NOTICE"
"KABC010069642010","EX/2/2010","26","17-07-2019","","CCH12 XVI ADDL. CITY CIVIL AND SESSIONS JUDGE","NOTICE","NOTICE"
"KABC010069642010","EX/2/2010","27","12-06-2019","","CCH12 XVI ADDL. CITY CIVIL AND SESSIONS JUDGE","NOTICE","NOTICE"
"KABC010069642010","EX/2/2010","28","24-04-2019","","CCH12 XVI ADDL. CITY CIVIL AND SESSIONS JUDGE","NOTICE","NOTICE"
"KABC010069642010","EX/2/2010","29","02-03-2019","","CCH12 XVI ADDL. CITY CIVIL AND SESSIONS JUDGE","NOTICE","NOTICE"
"KABC010069642010","EX/2/2010","30","08-02-2019","","CCH12 XVI ADDL. CITY CIVIL AND SESSIONS JUDGE","NOTICE","NOTICE"
"KABC010069642010","EX/2/2010","31","07-01-2019","","CCH12 XVI ADDL. CITY CIVIL AND SESSIONS JUDGE","NOTICE","NOTICE"
"KABC010069642010","EX/2/2010","32","06-12-2018","","CCH12 XVI ADDL. CITY CIVIL AND SESSIONS JUDGE","NOTICE","NOTICE"
"KABC010069642010","EX/2/2010","33","19-11-2018","","CCH12 XVI ADDL. CITY CIVIL AND SESSIONS JUDGE","NOTICE","NOTICE"
"KABC010069642010","EX/2/2010","34","06-10-2018","","CCH12 XVI ADDL. CITY CIVIL AND SESSIONS JUDGE","NOTICE","NOTICE"
"KABC010069642010","EX/2/2010","35","20-09-2018","","CCH12 XVI ADDL. CITY CIVIL AND SESSIONS JUDGE","NOTICE","NOTICE"
"KABC010069642010","EX/2/2010","36","21-08-2018","","CCH12 XVI ADDL. CITY CIVIL AND SESSIONS JUDGE","NOTICE","NOTICE"
"KABC010069642010","EX/2/2010","37","31-07-2018","","CCH12 XVI ADDL. CITY CIVIL AND SESSIONS JUDGE","NOTICE","NOTICE"
"KABC010069642010","EX/2/2010","38","07-07-2018","","CCH12 XVI ADDL. CITY CIVIL AND SESSIONS JUDGE","NOTICE","NOTICE"
"KABC010069642010","EX/2/2010","39","15-06-2018","","CCH12 XVI ADDL. CITY CIVIL AND SESSIONS JUDGE","NOTICE","NOTICE"
"KABC010069642010","EX/2/2010","40","02-04-2018","","CCH12 XVI ADDL. CITY CIVIL AND SESSIONS JUDGE","NOTICE","NOTICE"
"KABC010069642010","EX/2/2010","41","08-03-2018","","CCH12 XVI ADDL. CITY CIVIL AND SESSIONS JUDGE","NOTICE","NOTICE"
"KABC010069642010","EX/2/2010","42","14-02-2018","","CCH12 XVI ADDL. CITY CIVIL AND SESSIONS JUDGE","NOTICE","NOTICE"
"KABC010069642010","EX/2/2010","43","01-01-2018","","CCH12 XVI ADDL. CITY CIVIL AND SESSIONS JUDGE","NOTICE","NOTICE"
"KABC010069642010","EX/2/2010","44","16-11-2017","","CCH12 XVI ADDL. CITY CIVIL AND SESSIONS JUDGE","NOTICE","NOTICE"
"KABC010069642010","EX/2/2010","45","06-10-2017","","CCH12 XVI ADDL. CITY CIVIL AND SESSIONS JUDGE","NOTICE","NOTICE"
"KABC010069642010","EX/2/2010","46","21-08-2017","","CCH12 XVI ADDL. CITY CIVIL AND SESSIONS JUDGE","NOTICE","NOTICE"
"KABC010069642010","EX/2/2010","47","24-07-2017","","CCH12 XVI ADDL. CITY CIVIL AND SESSIONS JUDGE","NOTICE","NOTICE"
"KABC010069642010","EX/2/2010","48","03-06-2017","","CCH12 XVI ADDL. CITY CIVIL AND SESSIONS JUDGE","NOTICE","NOTICE"
"KABC010069642010","EX/2/2010","49","25-03-2017","","CCH12 XVI ADDL. CITY CIVIL AND SESSIONS JUDGE","NOTICE","NOTICE"
"KABC010069642010","EX/2/2010","50","14-02-2017","","CCH12 XVI ADDL. CITY CIVIL AND SESSIONS JUDGE","NOTICE","NOTICE"
"KABC010069642010","EX/2/2010","51","19-11-2016","","CCH12 XVI ADDL. CITY CIVIL AND SESSIONS JUDGE","NOTICE","NOTICE"
"KABC010069642010","EX/2/2010","52","24-09-2016","","CCH12 XVI ADDL. CITY CIVIL AND SESSIONS JUDGE","NOTICE","NOTICE"
"KABC010069642010","EX/2/2010","53","18-06-2016","","CCH12 XVI ADDL. CITY CIVIL AND SESSIONS JUDGE","NOTICE","NOTICE"
"KABC010069642010","EX/2/2010","54","26-03-2016","","CCH12 XVI ADDL. CITY CIVIL AND SESSIONS JUDGE","SUMMONS","SUMMONS"
"KABC010069642010","EX/2/2010","55","30-01-2016","","CCH12 XVI ADDL. CITY CIVIL AND SESSIONS JUDGE","NOTICE","NOTICE"
"KABC010069642010","EX/2/2010","56","05-12-2015","","CCH12 XVI ADDL. CITY CIVIL AND SESSIONS JUDGE","NOTICE","NOTICE"
"KABC010069642010","EX/2/2010","57","17-10-2015","","CCH12 XVI ADDL. CITY CIVIL AND SESSIONS JUDGE","NOTICE","NOTICE"
"KABC010069642010","EX/2/2010","58","25-08-2015","","CCH12 XVI ADDL. CITY CIVIL AND SESSIONS JUDGE","SUMMONS","SUMMONS"
"KABC010069642010","EX/2/2010","59","13-02-2015","","CCH18 XIX ADDL. CITY CIVIL AND SESSIONS JUDGE","NOTICE","NOTICE"
"KABC010069642010","EX/2/2010","60","29-11-2014","","CCH18 XIX ADDL. CITY CIVIL AND SESSIONS JUDGE","NOTICE","NOTICE"
"KABC010069642010","EX/2/2010","61","25-06-2014","","CCH18 XIX ADDL. CITY CIVIL AND SESSIONS JUDGE","NOTICE","NOTICE"
"KABC010069642010","EX/2/2010","62","04-01-2014","","CCH18 XIX ADDL. CITY CIVIL AND SESSIONS JUDGE","NOTICE","NOTICE"
"KABC010069642010","EX/2/2010","63","30-07-2013","","CCH18 XIX ADDL. CITY CIVIL AND SESSIONS JUDGE","NOTICE","NOTICE"
"KABC010069642010","EX/2/2010","64","27-02-2013","","","Restored","Restored"
"KABC010069652010","EX/3/2010","1","16-03-2021","","CCH9 XXVII ADDL. CITY CIVIL AND SESSIONS JUDGE","Disposed","Disposed"
"KABC010069652010","EX/3/2010","2","16-03-2021","","CCH9 XXVII ADDL. CITY CIVIL AND SESSIONS JUDGE","NOTICE","NOTICE"
"KABC010069652010","EX/3/2010","3","02-02-2021","","CCH9 XXVII ADDL. CITY CIVIL AND SESSIONS JUDGE","NOTICE","NOTICE"
"KABC010069652010","EX/3/2010","4","04-11-2020","","CCH9 XXVII ADDL. CITY CIVIL AND SESSIONS JUDGE","NOTICE","NOTICE"
"KABC010069652010","EX/3/2010","5","07-09-2020","","CCH9 XXVII ADDL. CITY CIVIL AND SESSIONS JUDGE","NOTICE","NOTICE"
"KABC010069652010","EX/3/2010","6","11-06-2020","","CCH9 XXVII ADDL. CITY CIVIL AND SESSIONS JUDGE","NOTICE","NOTICE"
"KABC010069652010","EX/3/2010","7","09-03-2020","","CCH9 XXVII ADDL. CITY CIVIL AND SESSIONS JUDGE","NOTICE","NOTICE"
"KABC010069652010","EX/3/2010","8","17-01-2020","","CCH9 XXVII ADDL. CITY CIVIL AND SESSIONS JUDGE","NOTICE","NOTICE"
"KABC010069652010","EX/3/2010","9","13-11-2019","","CCH9 XXVII ADDL. CITY CIVIL AND SESSIONS JUDGE","NOTICE","NOTICE"
"KABC010069652010","EX/3/2010","10","16-09-2019","","CCH9 XXVII ADDL. CITY CIVIL AND SESSIONS JUDGE","NOTICE","NOTICE"
"KABC010069652010","EX/3/2010","11","05-09-2019","","CCH9 XXVII ADDL. CITY CIVIL AND SESSIONS JUDGE","NOTICE","NOTICE"
"KABC010069652010","EX/3/2010","12","01-07-2019","","CCH9 XXVII ADDL. CITY CIVIL AND SESSIONS JUDGE","NOTICE","NOTICE"
"KABC010069652010","EX/3/2010","13","25-04-2019","","CCH9 XXVII ADDL. CITY CIVIL AND SESSIONS JUDGE","NOTICE","NOTICE"
"KABC010069652010","EX/3/2010","14","15-02-2019","","CCH9 XXVII ADDL. CITY CIVIL AND SESSIONS JUDGE","NOTICE","NOTICE"
"KABC010069652010","EX/3/2010","15","14-12-2018","","CCH9 XXVII ADDL. CITY CIVIL AND SESSIONS JUDGE","NOTICE","NOTICE"
"KABC010069652010","EX/3/2010","16","20-10-2018","","CCH9 XXVII ADDL. CITY CIVIL AND SESSIONS JUDGE","NOTICE","NOTICE"
"KABC010069652010","EX/3/2010","17","20-07-2018","","CCH9 XXVII ADDL. CITY CIVIL AND SESSIONS JUDGE","NOTICE","NOTICE"
"KABC010069652010","EX/3/2010","18","20-03-2018","","CCH9 XXVII ADDL. CITY CIVIL AND SESSIONS JUDGE","NOTICE","NOTICE"
"KABC010069652010","EX/3/2010","19","11-12-2017","","CCH9 XXVII ADDL. CITY CIVIL AND SESSIONS JUDGE","NOTICE","NOTICE"
"KABC010069652010","EX/3/2010","20","07-09-2017","","CCH9 XXVII ADDL. CITY CIVIL AND SESSIONS JUDGE","NOTICE","NOTICE"
"KABC010069652010","EX/3/2010","21","06-07-2017","","CCH9 XXVII ADDL. CITY CIVIL AND SESSIONS JUDGE","NOTICE","NOTICE"
"KABC010069652010","EX/3/2010","22","22-03-2017","","CCH9 XXVII ADDL. CITY CIVIL AND SESSIONS JUDGE","NOTICE","NOTICE"
"KABC010069652010","EX/3/2010","23","05-12-2016","","CCH9 XXVII ADDL. CITY CIVIL AND SESSIONS JUDGE","SUMMONS","SUMMONS"
"KABC010069652010","EX/3/2010","24","13-07-2016","","CCH9 XXVII ADDL. CITY CIVIL AND SESSIONS JUDGE","SUMMONS","SUMMONS"
"KABC010069652010","EX/3/2010","25","21-04-2016","","CCH9 XXVII ADDL. CITY CIVIL AND SESSIONS JUDGE","SUMMONS","SUMMONS"
"KABC010069652010","EX/3/2010","26","03-02-2016","","CCH9 XXVII ADDL. CITY CIVIL AND SESSIONS JUDGE","SUMMONS","SUMMONS"
"KABC010069652010","EX/3/2010","27","01-10-2015","","CCH9 XXVII ADDL. CITY CIVIL AND SESSIONS JUDGE","SUMMONS","SUMMONS"
"KABC010069652010","EX/3/2010","28","21-07-2015","","CCH9 XXVII ADDL. CITY CIVIL AND SESSIONS JUDGE","SUMMONS","SUMMONS"
"KABC010069652010","EX/3/2010","29","03-06-2015","","CCH18 XIX ADDL. CITY CIVIL AND SESSIONS JUDGE","NOTICE","NOTICE"
"KABC010069652010","EX/3/2010","30","29-11-2014","","CCH18 XIX ADDL. CITY CIVIL AND SESSIONS JUDGE","NOTICE","NOTICE"
"KABC010069652010","EX/3/2010","31","25-06-2014","","CCH18 XIX ADDL. CITY CIVIL AND SESSIONS JUDGE","NOTICE","NOTICE"
"KABC010069652010","EX/3/2010","32","04-01-2014","","CCH18 XIX ADDL. CITY CIVIL AND SESSIONS JUDGE","NOTICE","NOTICE"
"KABC010069652010","EX/3/2010","33","30-07-2013","","CCH18 XIX ADDL. CITY CIVIL AND SESSIONS JUDGE","NOTICE","NOTICE"
"KABC010069652010","EX/3/2010","34","27-02-2013","","CCH18 XIX ADDL. CITY CIVIL AND SESSIONS JUDGE","NOTICE","NOTICE"
"KABC010069652010","EX/3/2010","35","10-10-2012","","CCH18 XIX ADDL. CITY CIVIL AND SESSIONS JUDGE","NOTICE","NOTICE"
"KABC010069652010","EX/3/2010","36","20-06-2012","","CCH18 XIX ADDL. CITY CIVIL AND SESSIONS JUDGE","NOTICE","NOTICE"
"KABC010069652010","EX/3/2010","37","04-02-2012","","CCH18 XIX ADDL. CITY CIVIL AND SESSIONS JUDGE","NOTICE","NOTICE"
"KABC010069652010","EX/3/2010","38","22-09-2011","","CCH18 XIX ADDL. CITY CIVIL AND SESSIONS JUDGE","NOTICE","NOTICE"
"KABC010069652010","EX/3/2010","39","16-06-2011","","CCH18 XIX ADDL. CITY CIVIL AND SESSIONS JUDGE","NOTICE","NOTICE"
"KABC010069652010","EX/3/2010","40","05-02-2011","","CCH18 XIX ADDL. CITY CIVIL AND SESSIONS JUDGE","NOTICE","NOTICE"
"KABC010069652010","EX/3/2010","41","08-10-2010","","CCH18 XIX ADDL. CITY CIVIL AND SESSIONS JUDGE","NOTICE","NOTICE"
"KABC010069662010","EX/4/2010","1","02-01-2019","","CCH12 XVI ADDL. CITY CIVIL AND SESSIONS JUDGE","Disposed","Disposed"
"KABC010069662010","EX/4/2010","2","02-01-2019","","CCH12 XVI ADDL. CITY CIVIL AND SESSIONS JUDGE","NOTICE","NOTICE"
"KABC010069662010","EX/4/2010","3","24-11-2018","","CCH12 XVI ADDL. CITY CIVIL AND SESSIONS JUDGE","NOTICE","NOTICE"
"KABC010069662010","EX/4/2010","4","25-10-2018","","CCH12 XVI ADDL. CITY CIVIL AND SESSIONS JUDGE","NOTICE","NOTICE"
"KABC010069662010","EX/4/2010","5","20-09-2018","","CCH12 XVI ADDL. CITY CIVIL AND SESSIONS JUDGE","NOTICE","NOTICE"
"KABC010069662010","EX/4/2010","6","21-08-2018","","CCH12 XVI ADDL. CITY CIVIL AND SESSIONS JUDGE","NOTICE","NOTICE"
"KABC010069662010","EX/4/2010","7","31-07-2018","","CCH12 XVI ADDL. CITY CIVIL AND SESSIONS JUDGE","NOTICE","NOTICE"
"KABC010069662010","EX/4/2010","8","07-07-2018","","CCH12 XVI ADDL. CITY CIVIL AND SESSIONS JUDGE","NOTICE","NOTICE"
"KABC010069662010","EX/4/2010","9","28-05-2018","","CCH12 XVI ADDL. CITY CIVIL AND SESSIONS JUDGE","NOTICE","NOTICE"
"KABC010069662010","EX/4/2010","10","24-03-2018","","CCH12 XVI ADDL. CITY CIVIL AND SESSIONS JUDGE","NOTICE","NOTICE"
"KABC010069662010","EX/4/2010","11","07-02-2018","","CCH12 XVI ADDL. CITY CIVIL AND SESSIONS JUDGE","NOTICE","NOTICE"
"KABC010069662010","EX/4/2010","12","11-01-2018","","CCH12 XVI ADDL. CITY CIVIL AND SESSIONS JUDGE","NOTICE","NOTICE"
"KABC010069662010","EX/4/2010","13","20-11-2017","","CCH12 XVI ADDL. CITY CIVIL AND SESSIONS JUDGE","NOTICE","NOTICE"
"KABC010069662010","EX/4/2010","14","21-10-2017","","CCH12 XVI ADDL. CITY CIVIL AND SESSIONS JUDGE","NOTICE","NOTICE"
"KABC010069662010","EX/4/2010","15","01-09-2017","","CCH12 XVI ADDL. CITY CIVIL AND SESSIONS JUDGE","NOTICE","NOTICE"
"KABC010069662010","EX/4/2010","16","15-07-2017","","CCH12 XVI ADDL. CITY CIVIL AND SESSIONS JUDGE","NOTICE","NOTICE"
"KABC010069662010","EX/4/2010","17","15-04-2017","","CCH12 XVI ADDL. CITY CIVIL AND SESSIONS JUDGE","NOTICE","NOTICE"
"KABC010069662010","EX/4/2010","18","15-02-2017","","CCH12 XVI ADDL. CITY CIVIL AND SESSIONS JUDGE","NOTICE","NOTICE"
"KABC010069662010","EX/4/2010","19","19-11-2016","","CCH12 XVI ADDL. CITY CIVIL AND SESSIONS JUDGE","NOTICE","NOTICE"
"KABC010069662010","EX/4/2010","20","24-09-2016","","CCH12 XVI ADDL. CITY CIVIL AND SESSIONS JUDGE","NOTICE","NOTICE"
"KABC010069662010","EX/4/2010","21","18-06-2016","","CCH12 XVI ADDL. CITY CIVIL AND SESSIONS JUDGE","NOTICE","NOTICE"
"KABC010069662010","EX/4/2010","22","26-03-2016","","CCH12 XVI ADDL. CITY CIVIL AND SESSIONS JUDGE","SUMMONS","SUMMONS"
"KABC010069662010","EX/4/2010","23","30-01-2016","","CCH12 XVI ADDL. CITY CIVIL AND SESSIONS JUDGE","NOTICE","NOTICE"
"KABC010069662010","EX/4/2010","24","05-12-2015","","CCH12 XVI ADDL. CITY CIVIL AND SESSIONS JUDGE","SUMMONS","SUMMONS"
"KABC010069662010","EX/4/2010","25","17-10-2015","","CCH12 XVI ADDL. CITY CIVIL AND SESSIONS JUDGE","SUMMONS","SUMMONS"
"KABC010069662010","EX/4/2010","26","22-07-2015","","CCH12 XVI ADDL. CITY CIVIL AND SESSIONS JUDGE","SUMMONS","SUMMONS"
"KABC010069662010","EX/4/2010","27","19-06-2015","","CCH12 XVI ADDL. CITY CIVIL AND SESSIONS JUDGE","SUMMONS","SUMMONS"
"KABC010069662010","EX/4/2010","28","27-01-2015","","CCH18 XIX ADDL. CITY CIVIL AND SESSIONS JUDGE","NOTICE","NOTICE"
"KABC010069662010","EX/4/2010","29","07-08-2014","","CCH18 XIX ADDL. CITY CIVIL AND SESSIONS JUDGE","NOTICE","NOTICE"
"KABC010069662010","EX/4/2010","30","24-02-2014","","CCH18 XIX ADDL. CITY CIVIL AND SESSIONS JUDGE","NOTICE","NOTICE"
"KABC010069662010","EX/4/2010","31","18-09-2013","","CCH18 XIX ADDL. CITY CIVIL AND SESSIONS JUDGE","NOTICE","NOTICE"
"KABC010069662010","EX/4/2010","32","05-04-2013","","CCH18 XIX ADDL. CITY CIVIL AND SESSIONS JUDGE","NOTICE","NOTICE"
"KABC010069662010","EX/4/2010","33","26-11-2012","","CCH18 XIX ADDL. CITY CIVIL AND SESSIONS JUDGE","NOTICE","NOTICE"
"KABC010069662010","EX/4/2010","34","27-07-2012","","CCH18 XIX ADDL. CITY CIVIL AND SESSIONS JUDGE","NOTICE","NOTICE"
"KABC010069662010","EX/4/2010","35","15-03-2012","","CCH18 XIX ADDL. CITY CIVIL AND SESSIONS JUDGE","NOTICE","NOTICE"
"KABC010069662010","EX/4/2010","36","10-11-2011","","CCH18 XIX ADDL. CITY CIVIL AND SESSIONS JUDGE","NOTICE","NOTICE"
"KABC010069662010","EX/4/2010","37","19-07-2011","","CCH18 XIX ADDL. CITY CIVIL AND SESSIONS JUDGE","NOTICE","NOTICE"
"KABC010069662010","EX/4/2010","38","22-10-2010","","CCH18 XIX ADDL. CITY CIVIL AND SESSIONS JUDGE","SUMMONS","SUMMONS"
"KABC010069662010","EX/4/2010","39","29-09-2010","","CCH18 XIX ADDL. CITY CIVIL AND SESSIONS JUDGE","SUMMONS","SUMMONS"
"KABC010069662010","EX/4/2010","40","25-06-2010","","CCH18 XIX ADDL. CITY CIVIL AND SESSIONS JUDGE","HEARING","HEARING"
"KABC010069662010","EX/4/2010","41","29-05-2010","","CCH18 XIX ADDL. CITY CIVIL AND SESSIONS JUDGE","HEARING","HEARING"
"KABC010069672010","EX/5/2010","1","04-08-2010","","CCH17 II ADDL. CITY CIVIL AND SESSIONS JUDGE","SUMMONS","SUMMONS"
"KABC010069672010","EX/5/2010","2","03-04-2010","","CCH17 II ADDL. CITY CIVIL AND SESSIONS JUDGE","SUMMONS","SUMMONS"
"KABC010069682010","EX/6/2010","1","17-08-2019","","CCH12 XVI ADDL. CITY CIVIL AND SESSIONS JUDGE","Disposed","Disposed"
"KABC010069682010","EX/6/2010","2","17-08-2019","","CCH12 XVI ADDL. CITY CIVIL AND SESSIONS JUDGE","NOTICE","NOTICE"
"KABC010069682010","EX/6/2010","3","20-07-2019","","CCH12 XVI ADDL. CITY CIVIL AND SESSIONS JUDGE","NOTICE","NOTICE"
"KABC010069682010","EX/6/2010","4","15-06-2019","","CCH12 XVI ADDL. CITY CIVIL AND SESSIONS JUDGE","NOTICE","NOTICE"
"KABC010069682010","EX/6/2010","5","11-04-2019","","CCH12 XVI ADDL. CITY CIVIL AND SESSIONS JUDGE","NOTICE","NOTICE"
"KABC010069682010","EX/6/2010","6","26-02-2019","","CCH12 XVI ADDL. CITY CIVIL AND SESSIONS JUDGE","NOTICE","NOTICE"
"KABC010069682010","EX/6/2010","7","04-02-2019","","CCH12 XVI ADDL. CITY CIVIL AND SESSIONS JUDGE","NOTICE","NOTICE"
"KABC010069682010","EX/6/2010","8","19-01-2019","","CCH12 XVI ADDL. CITY CIVIL AND SESSIONS JUDGE","NOTICE","NOTICE"
"KABC010069682010","EX/6/2010","9","13-12-2018","","CCH12 XVI ADDL. CITY CIVIL AND SESSIONS JUDGE","NOTICE","NOTICE"
"KABC010069682010","EX/6/2010","10","25-10-2018","","CCH12 XVI ADDL. CITY CIVIL AND SESSIONS JUDGE","NOTICE","NOTICE"
"KABC010069682010","EX/6/2010","11","20-09-2018","","CCH12 XVI ADDL. CITY CIVIL AND SESSIONS JUDGE","NOTICE","NOTICE"
"KABC010069682010","EX/6/2010","12","30-08-2018","","CCH12 XVI ADDL. CITY CIVIL AND SESSIONS JUDGE","NOTICE","NOTICE"
"KABC010069682010","EX/6/2010","13","02-08-2018","","CCH12 XVI ADDL. CITY CIVIL AND SESSIONS JUDGE","NOTICE","NOTICE"
"KABC010069682010","EX/6/2010","14","16-07-2018","","CCH12 XVI ADDL. CITY CIVIL AND SESSIONS JUDGE","NOTICE","NOTICE"
"KABC010069682010","EX/6/2010","15","04-07-2018","","CCH12 XVI ADDL. CITY CIVIL AND SESSIONS JUDGE","NOTICE","NOTICE"
"KABC010069682010","EX/6/2010","16","07-06-2018","","CCH12 XVI ADDL. CITY CIVIL AND SESSIONS JUDGE","NOTICE","NOTICE"
"KABC010069682010","EX/6/2010","17","07-04-2018","","CCH12 XVI ADDL. CITY CIVIL AND SESSIONS JUDGE","NOTICE","NOTICE"
"KABC010069682010","EX/6/2010","18","28-02-2018","","CCH12 XVI ADDL. CITY CIVIL AND SESSIONS JUDGE","NOTICE","NOTICE"
"KABC010069682010","EX/6/2010","19","08-02-2018","","CCH12 XVI ADDL. CITY CIVIL AND SESSIONS JUDGE","NOTICE","NOTICE"
"KABC010069682010","EX/6/2010","20","11-01-2018","","CCH12 XVI ADDL. CITY CIVIL AND SESSIONS JUDGE","NOTICE","NOTICE"
"KABC010069682010","EX/6/2010","21","20-11-2017","","CCH12 XVI ADDL. CITY CIVIL AND SESSIONS JUDGE","NOTICE","NOTICE"
"KABC010069682010","EX/6/2010","22","21-10-2017","","CCH12 XVI ADDL. CITY CIVIL AND SESSIONS JUDGE","NOTICE","NOTICE"
"KABC010069682010","EX/6/2010","23","11-09-2017","","CCH12 XVI ADDL. CITY CIVIL AND SESSIONS JUDGE","NOTICE","NOTICE"
"KABC010069682010","EX/6/2010","24","10-08-2017","","CCH12 XVI ADDL. CITY CIVIL AND SESSIONS JUDGE","NOTICE","NOTICE"
"KABC010069682010","EX/6/2010","25","15-06-2017","","CCH12 XVI ADDL. CITY CIVIL AND SESSIONS JUDGE","NOTICE","NOTICE"
"KABC010069682010","EX/6/2010","26","07-04-2017","","CCH12 XVI ADDL. CITY CIVIL AND SESSIONS JUDGE","NOTICE","NOTICE"
"KABC010069682010","EX/6/2010","27","04-02-2017","","CCH12 XVI ADDL. CITY CIVIL AND SESSIONS JUDGE","NOTICE","NOTICE"
"KABC010069682010","EX/6/2010","28","05-11-2016","","CCH12 XVI ADDL. CITY CIVIL AND SESSIONS JUDGE","NOTICE","NOTICE"
"KABC010069682010","EX/6/2010","29","07-07-2016","","CCH12 XVI ADDL. CITY CIVIL AND SESSIONS JUDGE","NOTICE","NOTICE"
"KABC010069682010","EX/6/2010","30","01-04-2016","","CCH12 XVI ADDL. CITY CIVIL AND SESSIONS JUDGE","NOTICE","NOTICE"
"KABC010069682010","EX/6/2010","31","06-02-2016","","CCH12 XVI ADDL. CITY CIVIL AND SESSIONS JUDGE","NOTICE","NOTICE"
"KABC010069682010","EX/6/2010","32","19-12-2015","","CCH12 XVI ADDL. CITY CIVIL AND SESSIONS JUDGE","NOTICE","NOTICE"
"KABC010069682010","EX/6/2010","33","14-10-2015","","CCH12 XVI ADDL. CITY CIVIL AND SESSIONS JUDGE","NOTICE","NOTICE"
"KABC010069682010","EX/6/2010","34","13-04-2015","","CCH18 XIX ADDL. CITY CIVIL AND SESSIONS JUDGE","NOTICE","NOTICE"
"KABC010069682010","EX/6/2010","35","07-11-2014","","CCH18 XIX ADDL. CITY CIVIL AND SESSIONS JUDGE","NOTICE","NOTICE"
"KABC010069682010","EX/6/2010","36","03-06-2014","","CCH18 XIX ADDL. CITY CIVIL AND SESSIONS JUDGE","NOTICE","NOTICE"
"KABC010069682010","EX/6/2010","37","05-12-2013","","CCH18 XIX ADDL. CITY CIVIL AND SESSIONS JUDGE","NOTICE","NOTICE"
"KABC010069682010","EX/6/2010","38","09-07-2013","","CCH18 XIX ADDL. CITY CIVIL AND SESSIONS JUDGE","NOTICE","NOTICE"
"KABC010069682010","EX/6/2010","39","09-04-2013","","CCH18 XIX ADDL. CITY CIVIL AND SESSIONS JUDGE","NOTICE","NOTICE"
"KABC010069682010","EX/6/2010","40","12-02-2013","","CCH18 XIX ADDL. CITY CIVIL AND SESSIONS JUDGE","NOTICE","NOTICE"
"KABC010069682010","EX/6/2010","41","27-09-2012","","CCH18 XIX ADDL. CITY CIVIL AND SESSIONS JUDGE","NOTICE","NOTICE"
"KABC010069682010","EX/6/2010","42","07-06-2012","","CCH18 XIX ADDL. CITY CIVIL AND SESSIONS JUDGE","NOTICE","NOTICE"
"KABC010069682010","EX/6/2010","43","24-01-2012","","CCH18 XIX ADDL. CITY CIVIL AND SESSIONS JUDGE","NOTICE","NOTICE"
"KABC010069682010","EX/6/2010","44","13-09-2011","","CCH18 XIX ADDL. CITY CIVIL AND SESSIONS JUDGE","NOTICE","NOTICE"
"KABC010069682010","EX/6/2010","45","06-06-2011","","CCH18 XIX ADDL. CITY CIVIL AND SESSIONS JUDGE","NOTICE","NOTICE"
"KABC010069682010","EX/6/2010","46","27-01-2011","","CCH18 XIX ADDL. CITY CIVIL AND SESSIONS JUDGE","SUMMONS","SUMMONS"
"KABC010069692010","EX/7/2010","1","27-03-2010","","","Restored","Restored"
"KABC010069692010","EX/7/2010","2","27-03-2010","","CCH25 III ADDL. CITY CIVIL AND SESSIONS JUDGE","Disposed","Disposed"
"KABC010069692010","EX/7/2010","3","27-03-2010","","CCH25 III ADDL. CITY CIVIL AND SESSIONS JUDGE","HEARING","HEARING"
"KABC010069702010","EX/9/2010","1","11-11-2013","","CCH28 XIV ADDL. CITY CIVIL AND SESSIONS JUDGE","Disposed","Disposed"
"KABC010069702010","EX/9/2010","2","11-11-2013","","CCH28 XIV ADDL. CITY CIVIL AND SESSIONS JUDGE","NOTICE","NOTICE"
"KABC010069702010","EX/9/2010","3","10-09-2013","","CCH28 XIV ADDL. CITY CIVIL AND SESSIONS JUDGE","NOTICE","NOTICE"
"KABC010069702010","EX/9/2010","4","12-08-2013","","CCH28 XIV ADDL. CITY CIVIL AND SESSIONS JUDGE","NOTICE","NOTICE"
"KABC010069702010","EX/9/2010","5","18-06-2013","","CCH28 XIV ADDL. CITY CIVIL AND SESSIONS JUDGE","NOTICE","NOTICE"
"KABC010069702010","EX/9/2010","6","16-04-2013","","CCH28 XIV ADDL. CITY CIVIL AND SESSIONS JUDGE","NOTICE","NOTICE"
"KABC010069702010","EX/9/2010","7","11-02-2013","","CCH28 XIV ADDL. CITY CIVIL AND SESSIONS JUDGE","NOTICE","NOTICE"
"KABC010069702010","EX/9/2010","8","04-12-2012","","CCH28 XIV ADDL. CITY CIVIL AND SESSIONS JUDGE","NOTICE","NOTICE"
"KABC010069702010","EX/9/2010","9","16-10-2012","","CCH28 XIV ADDL. CITY CIVIL AND SESSIONS JUDGE","HEARING","HEARING"
"KABC010069702010","EX/9/2010","10","31-08-2012","","CCH28 XIV ADDL. CITY CIVIL AND SESSIONS JUDGE","NOTICE","NOTICE"
"KABC010069702010","EX/9/2010","11","09-07-2012","","CCH28 XIV ADDL. CITY CIVIL AND SESSIONS JUDGE","SUMMONS","SUMMONS"
"KABC010069702010","EX/9/2010","12","19-04-2012","","CCH28 XIV ADDL. CITY CIVIL AND SESSIONS JUDGE","SUMMONS","SUMMONS"
"KABC010069702010","EX/9/2010","13","26-03-2012","","CCH28 XIV ADDL. CITY CIVIL AND SESSIONS JUDGE","NOTICE","NOTICE"
"KABC010069702010","EX/9/2010","14","16-01-2012","","CCH28 XIV ADDL. CITY CIVIL AND SESSIONS JUDGE","NOTICE","NOTICE"
"KABC010069702010","EX/9/2010","15","02-01-2012","","CCH28 XIV ADDL. CITY CIVIL AND SESSIONS JUDGE","SUMMONS","SUMMONS"
"KABC010069702010","EX/9/2010","16","19-10-2011","","CCH28 XIV ADDL. CITY CIVIL AND SESSIONS JUDGE","SUMMONS","SUMMONS"
"KABC010069702010","EX/9/2010","17","19-08-2011","","CCH28 XIV ADDL. CITY CIVIL AND SESSIONS JUDGE","SUMMONS","SUMMONS"
"KABC010069702010","EX/9/2010","18","05-07-2011","","CCH28 XIV ADDL. CITY CIVIL AND SESSIONS JUDGE","SUMMONS","SUMMONS"
"KABC010069702010","EX/9/2010","19","30-05-2011","","CCH28 XIV ADDL. CITY CIVIL AND SESSIONS JUDGE","SUMMONS","SUMMONS"
"KABC010069702010","EX/9/2010","20","28-03-2011","","CCH28 XIV ADDL. CITY CIVIL AND SESSIONS JUDGE","SUMMONS","SUMMONS"
"KABC010069702010","EX/9/2010","21","04-02-2011","","CCH28 XIV ADDL. CITY CIVIL AND SESSIONS JUDGE","SUMMONS","SUMMONS"
"KABC010069702010","EX/9/2010","22","18-12-2010","","CCH28 XIV ADDL. CITY CIVIL AND SESSIONS JUDGE","SUMMONS","SUMMONS"
"KABC010069702010","EX/9/2010","23","02-11-2010","","CCH28 XIV ADDL. CITY CIVIL AND SESSIONS JUDGE","SUMMONS","SUMMONS"
"KABC010069702010","EX/9/2010","24","28-08-2010","","CCH28 XIV ADDL. CITY CIVIL AND SESSIONS JUDGE","SUMMONS","SUMMONS"
"KABC010069702010","EX/9/2010","25","10-08-2010","","CCH28 XIV ADDL. CITY CIVIL AND SESSIONS JUDGE","SUMMONS","SUMMONS"
"KABC010069712010","EX/10/2010","1","28-01-2011","","","Restored","Restored"
"KABC010069712010","EX/10/2010","2","28-01-2011","","CCH31 XXX ADDL. CITY CIVIL AND SESSIONS JUDGE","Disposed","Disposed"
"KABC010069722010","EX/11/2010","1","15-10-2011","","","Restored","Restored"
"KABC010069722010","EX/11/2010","2","15-10-2011","","CCH25 III ADDL. CITY CIVIL AND SESSIONS JUDGE","Disposed","Disposed"
"KABC010069722010","EX/11/2010","3","30-10-2010","","CCH25 III ADDL. CITY CIVIL AND SESSIONS JUDGE","HEARING","HEARING"
"KABC010069732010","EX/12/2010","1","05-12-2015","","CCH12 XVI ADDL. CITY CIVIL AND SESSIONS JUDGE","Disposed","Disposed"
"KABC010069732010","EX/12/2010","2","05-12-2015","","CCH12 XVI ADDL. CITY CIVIL AND SESSIONS JUDGE","NOTICE","NOTICE"
"KABC010069732010","EX/12/2010","3","03-10-2015","","CCH12 XVI ADDL. CITY CIVIL AND SESSIONS JUDGE","NOTICE","NOTICE"
"KABC010069732010","EX/12/2010","4","24-08-2015","","CCH12 XVI ADDL. CITY CIVIL AND SESSIONS JUDGE","SUMMONS","SUMMONS"
"KABC010069732010","EX/12/2010","5","17-02-2015","","","NOTICE","NOTICE"
"KABC010069732010","EX/12/2010","6","30-08-2014","","CCH18 XIX ADDL. CITY CIVIL AND SESSIONS JUDGE","NOTICE","NOTICE"
"KABC010069732010","EX/12/2010","7","17-03-2014","","CCH18 XIX ADDL. CITY CIVIL AND SESSIONS JUDGE","NOTICE","NOTICE"
"KABC010069732010","EX/12/2010","8","10-10-2013","","CCH18 XIX ADDL. CITY CIVIL AND SESSIONS JUDGE","NOTICE","NOTICE"
"KABC010069732010","EX/12/2010","9","27-05-2013","","CCH18 XIX ADDL. CITY CIVIL AND SESSIONS JUDGE","NOTICE","NOTICE"
"KABC010069732010","EX/12/2010","10","10-12-2012","","","Restored","Restored"
"KABC010069732010","EX/12/2010","11","10-12-2012","","CCH18 XIX ADDL. CITY CIVIL AND SESSIONS JUDGE","NOTICE","NOTICE"
"KABC010069742010","EX/13/2010","1","22-02-2014","","CCH45 XLIV ADDL. CITY CIVIL AND SESSONS JUDGE","Disposed","Disposed"
"KABC010069742010","EX/13/2010","2","22-02-2014","","CCH45 XLIV ADDL. CITY CIVIL AND SESSONS JUDGE","SUMMONS","SUMMONS"
"KABC010069742010","EX/13/2010","3","16-01-2014","","CCH45 XLIV ADDL. CITY CIVIL AND SESSONS JUDGE","SUMMONS","SUMMONS"
"KABC010069742010","EX/13/2010","4","19-11-2013","","CCH45 XLIV ADDL. CITY CIVIL AND SESSONS JUDGE","HEARING","HEARING"
"KABC010069742010","EX/13/2010","5","23-09-2013","","CCH45 XLIV ADDL. CITY CIVIL AND SESSONS JUDGE","HEARING","HEARING"
"KABC010069742010","EX/13/2010","6","27-07-2013","","CCH45 XLIV ADDL. CITY CIVIL AND SESSONS JUDGE","HEARING","HEARING"
"KABC010069742010","EX/13/2010","7","15-06-2013","","CCH45 XLIV ADDL. CITY CIVIL AND SESSONS JUDGE","HEARING","HEARING"
"KABC010069742010","EX/13/2010","8","20-04-2013","","CCH45 XLIV ADDL. CITY CIVIL AND SESSONS JUDGE","HEARING","HEARING"
"KABC010069742010","EX/13/2010","9","02-03-2013","","CCH45 XLIV ADDL. CITY CIVIL AND SESSONS JUDGE","SUMMONS","SUMMONS"
"KABC010069742010","EX/13/2010","10","19-01-2013","","CCH45 XLIV ADDL. CITY CIVIL AND SESSONS JUDGE","SUMMONS","SUMMONS"
"KABC010069742010","EX/13/2010","11","10-12-2012","","CCH45 XLIV ADDL. CITY CIVIL AND SESSONS JUDGE","SUMMONS","SUMMONS"
"KABC010069742010","EX/13/2010","12","06-12-2012","","CCH45 XLIV ADDL. CITY CIVIL AND SESSONS JUDGE","SUMMONS","SUMMONS"
"KABC010069742010","EX/13/2010","13","20-11-2012","","CCH45 XLIV ADDL. CITY CIVIL AND SESSONS JUDGE","SUMMONS","SUMMONS"
"KABC010069742010","EX/13/2010","14","02-11-2012","","CCH45 XLIV ADDL. CITY CIVIL AND SESSONS JUDGE","HEARING","HEARING"
"KABC010069742010","EX/13/2010","15","11-10-2012","","CCH45 XLIV ADDL. CITY CIVIL AND SESSONS JUDGE","HEARING","HEARING"
"KABC010069752010","EX/14/2010","1","15-03-2010","","","Restored","Restored"
"KABC010069752010","EX/14/2010","2","15-03-2010","","CCH5 IX ADDL. CITY CIVIL AND SESSONS JUDGE","Disposed","Disposed"
"KABC010069752010","EX/14/2010","3","15-03-2010","","CCH5 IX ADDL. CITY CIVIL AND SESSONS JUDGE","HEARING","HEARING"
"KABC010069762010","EX/15/2010","1","12-07-2012","1","26-CCH23 XXV ADDL. CITY CIVIL AND SESSIONS JUDGE","","Business"
"KABC010069772010","EX/16/2010","1","28-11-2011","1","15-CCH28 XIV ADDL. CITY CIVIL AND SESSIONS JUDGE","","Business"
"KABC010069782010","EX/17/2010","1","10-02-2014","","CCH45 XLIV ADDL. CITY CIVIL AND SESSONS JUDGE","Disposed","Disposed"
"KABC010069782010","EX/17/2010","2","10-02-2014","","CCH45 XLIV ADDL. CITY CIVIL AND SESSONS JUDGE","SUMMONS","SUMMONS"
"KABC010069782010","EX/17/2010","3","07-12-2013","","CCH45 XLIV ADDL. CITY CIVIL AND SESSONS JUDGE","SUMMONS","SUMMONS"
"KABC010069782010","EX/17/2010","4","05-10-2013","","CCH45 XLIV ADDL. CITY CIVIL AND SESSONS JUDGE","SUMMONS","SUMMONS"
"KABC010069782010","EX/17/2010","5","14-08-2013","","CCH45 XLIV ADDL. CITY CIVIL AND SESSONS JUDGE","SUMMONS","SUMMONS"
"KABC010069782010","EX/17/2010","6","27-06-2013","","CCH45 XLIV ADDL. CITY CIVIL AND SESSONS JUDGE","HEARING","HEARING"
"KABC010069782010","EX/17/2010","7","06-04-2013","","CCH45 XLIV ADDL. CITY CIVIL AND SESSONS JUDGE","HEARING","HEARING"
"KABC010005022010","EX/18/2010","1","26-04-2014","","CCH14 XXXI ADDL. CITY CIVIL AND SESSIONS JUDGE","Disposed","Disposed"
"KABC010005022010","EX/18/2010","2","26-04-2014","","CCH14 XXXI ADDL. CITY CIVIL AND SESSIONS JUDGE","SUMMONS","SUMMONS"
"KABC010005022010","EX/18/2010","3","21-02-2014","","","SUMMONS","SUMMONS"
"KABC010005022010","EX/18/2010","4","10-12-2013","","CCH14 XXXI ADDL. CITY CIVIL AND SESSIONS JUDGE","SUMMONS","SUMMONS"
"KABC010005022010","EX/18/2010","5","31-10-2013","","CCH14 XXXI ADDL. CITY CIVIL AND SESSIONS JUDGE","SUMMONS","SUMMONS"
"KABC010005022010","EX/18/2010","6","02-08-2013","","CCH14 XXXI ADDL. CITY CIVIL AND SESSIONS JUDGE","SUMMONS","SUMMONS"
"KABC010005022010","EX/18/2010","7","06-04-2013","","CCH14 XXXI ADDL. CITY CIVIL AND SESSIONS JUDGE","SUMMONS","SUMMONS"
"KABC010005022010","EX/18/2010","8","14-12-2012","","CCH14 XXXI ADDL. CITY CIVIL AND SESSIONS JUDGE","SUMMONS","SUMMONS"
"KABC010005022010","EX/18/2010","9","05-10-2012","","CCH14 XXXI ADDL. CITY CIVIL AND SESSIONS JUDGE","SUMMONS","SUMMONS"
"KABC010005022010","EX/18/2010","10","27-07-2012","","CCH14 XXXI ADDL. CITY CIVIL AND SESSIONS JUDGE","SUMMONS","SUMMONS"
"KABC010005022010","EX/18/2010","11","23-06-2012","","CCH14 XXXI ADDL. CITY CIVIL AND SESSIONS JUDGE","SUMMONS","SUMMONS"
"KABC010005022010","EX/18/2010","12","31-03-2012","","CCH14 XXXI ADDL. CITY CIVIL AND SESSIONS JUDGE","SUMMONS","SUMMONS"
"KABC010005022010","EX/18/2010","13","03-02-2012","","CCH14 XXXI ADDL. CITY CIVIL AND SESSIONS JUDGE","SUMMONS","SUMMONS"
"KABC010005022010","EX/18/2010","14","03-12-2011","","CCH14 XXXI ADDL. CITY CIVIL AND SESSIONS JUDGE","ISSUES","ISSUES"
"KABC010005022010","EX/18/2010","15","28-10-2011","","CCH14 XXXI ADDL. CITY CIVIL AND SESSIONS JUDGE","SUMMONS","SUMMONS"
"KABC010005022010","EX/18/2010","16","17-09-2011","","CCH14 XXXI ADDL. CITY CIVIL AND SESSIONS JUDGE","SUMMONS","SUMMONS"
"KABC010005022010","EX/18/2010","17","05-08-2011","","CCH14 XXXI ADDL. CITY CIVIL AND SESSIONS JUDGE","SUMMONS","SUMMONS"
"KABC010005022010","EX/18/2010","18","25-06-2011","","CCH14 XXXI ADDL. CITY CIVIL AND SESSIONS JUDGE","SUMMONS","SUMMONS"
"KABC010005022010","EX/18/2010","19","23-04-2011","","CCH14 XXXI ADDL. CITY CIVIL AND SESSIONS JUDGE","SUMMONS","SUMMONS"
"KABC010005022010","EX/18/2010","20","24-03-2011","","CCH14 XXXI ADDL. CITY CIVIL AND SESSIONS JUDGE","SUMMONS","SUMMONS"
"KABC010005022010","EX/18/2010","21","23-02-2011","","CCH14 XXXI ADDL. CITY CIVIL AND SESSIONS JUDGE","SUMMONS","SUMMONS"
"KABC010005022010","EX/18/2010","22","25-01-2011","","CCH14 XXXI ADDL. CITY CIVIL AND SESSIONS JUDGE","SUMMONS","SUMMONS"
"KABC010005022010","EX/18/2010","23","08-12-2010","","CCH14 XXXI ADDL. CITY CIVIL AND SESSIONS JUDGE","SUMMONS","SUMMONS"
"KABC010005022010","EX/18/2010","24","21-10-2010","","CCH14 XXXI ADDL. CITY CIVIL AND SESSIONS JUDGE","SUMMONS","SUMMONS"
"KABC010005022010","EX/18/2010","25","24-09-2010","","CCH14 XXXI ADDL. CITY CIVIL AND SESSIONS JUDGE","SUMMONS","SUMMONS"
"KABC010005022010","EX/18/2010","26","21-08-2010","","CCH14 XXXI ADDL. CITY CIVIL AND SESSIONS JUDGE","SUMMONS","SUMMONS"
"KABC010005022010","EX/18/2010","27","14-07-2010","","CCH14 XXXI ADDL. CITY CIVIL AND SESSIONS JUDGE","SUMMONS","SUMMONS"
"KABC010005032010","EX/20/2010","1","02-04-2011","","","Restored","Restored"
"KABC010005032010","EX/20/2010","2","02-04-2011","","CCH5 IX ADDL. CITY CIVIL AND SESSONS JUDGE","Disposed","Disposed"
"KABC010005042010","EX/21/2010","1","26-02-2011","1","2-CCH5 IX ADDL. CITY CIVIL AND SESSONS JUDGE","","Business"
"KABC010005052010","EX/22/2010","1","05-02-2011","1","2-CCH5 IX ADDL. CITY CIVIL AND SESSONS JUDGE","","Business"
