"cnr","case_number","history_index","hearing_date","order_number","judge","business_summary"
"KABC010069632010","EX/1/2010","1","17-03-2021","1","CCH9 XXVII ADDL. CITY CIVIL AND SESSIONS JUDGE","Business"
"KABC010069632010","EX/1/2010","2","20-01-2021","H-20-01-2021","CCH9 XXVII ADDL. CITY CIVIL AND SESSIONS JUDGE","Business"
"KABC010069632010","EX/1/2010","3","23-11-2020","H-23-11-2020","CCH9 XXVII ADDL. CITY CIVIL AND SESSIONS JUDGE","Business"
"KABC010069632010","EX/1/2010","4","06-10-2020","H-06-10-2020","CCH9 XXVII ADDL. CITY CIVIL AND SESSIONS JUDGE","Business"
"KABC010069632010","EX/1/2010","5","29-07-2020","H-29-07-2020","CCH9 XXVII ADDL. CITY CIVIL AND SESSIONS JUDGE","Business"
"KABC010069632010","EX/1/2010","6","22-06-2020","H-22-06-2020","CCH9 XXVII ADDL. CITY CIVIL AND SESSIONS JUDGE","Business"
"KABC010069632010","EX/1/2010","7","28-05-2020","H-28-05-2020","CCH9 XXVII ADDL. CITY CIVIL AND SESSIONS JUDGE","Business"
"KABC010069632010","EX/1/2010","8","29-02-2020","H-29-02-2020","CCH9 XXVII ADDL. CITY CIVIL AND SESSIONS JUDGE","Business"
"KABC010069632010","EX/1/2010","9","18-01-2020","H-18-01-2020","CCH9 XXVII ADDL. CITY CIVIL AND SESSIONS JUDGE","Business"
"KABC010069632010","EX/1/2010","10","04-12-2019","H-04-12-2019","CCH9 XXVII ADDL. CITY CIVIL AND SESSIONS JUDGE","Business"
"KABC010069632010","EX/1/2010","11","15-10-2019","H-15-10-2019","CCH9 XXVII ADDL. CITY CIVIL AND SESSIONS JUDGE","Business"
"KABC010069632010","EX/1/2010","12","03-08-2019","H-03-08-2019","CCH9 XXVII ADDL. CITY CIVIL AND SESSIONS JUDGE","Business"
"KABC010069632010","EX/1/2010","13","29-06-2019","H-29-06-2019","CCH9 XXVII ADDL. CITY CIVIL AND SESSIONS JUDGE","Business"
"KABC010069632010","EX/1/2010","14","02-04-2019","H-02-04-2019","CCH9 XXVII ADDL. CITY CIVIL AND SESSIONS JUDGE","Business"
"KABC010069632010","EX/1/2010","15","11-03-2019","H-11-03-2019","CCH9 XXVII ADDL. CITY CIVIL AND SESSIONS JUDGE","Business"
"KABC010069632010","EX/1/2010","16","01-02-2019","H-01-02-2019","CCH9 XXVII ADDL. CITY CIVIL AND SESSIONS JUDGE","Business"
"KABC010069632010","EX/1/2010","17","02-01-2019","H-02-01-2019","CCH9 XXVII ADDL. CITY CIVIL AND SESSIONS JUDGE","Business"
"KABC010069632010","EX/1/2010","18","25-10-2018","H-25-10-2018","CCH9 XXVII ADDL. CITY CIVIL AND SESSIONS JUDGE","Business"
"KABC010069632010","EX/1/2010","19","01-10-2018","H-01-10-2018","CCH9 XXVII ADDL. CITY CIVIL AND SESSIONS JUDGE","Business"
"KABC010069632010","EX/1/2010","20","05-07-2018","H-05-07-2018","CCH9 XXVII ADDL. CITY CIVIL AND SESSIONS JUDGE","Business"
"KABC010069632010","EX/1/2010","21","11-04-2018","H-11-04-2018","CCH9 XXVII ADDL. CITY CIVIL AND SESSIONS JUDGE","Business"
"KABC010069632010","EX/1/2010","22","07-04-2018","H-07-04-2018","CCH9 XXVII ADDL. CITY CIVIL AND SESSIONS JUDGE","Business"
"KABC010069632010","EX/1/2010","23","24-03-2018","H-24-03-2018","CCH9 XXVII ADDL. CITY CIVIL AND SESSIONS JUDGE","Business"
"KABC010069632010","EX/1/2010","24","24-02-2018","H-24-02-2018","CCH9 XXVII ADDL. CITY CIVIL AND SESSIONS JUDGE","Business"
"KABC010069632010","EX/1/2010","25","14-11-2017","H-14-11-2017","CCH9 XXVII ADDL. CITY CIVIL AND SESSIONS JUDGE","Business"
"KABC010069632010","EX/1/2010","26","14-08-2017","H-14-08-2017","CCH9 XXVII ADDL. CITY CIVIL AND SESSIONS JUDGE","Business"
"KABC010069632010","EX/1/2010","27","04-08-2017","H-04-08-2017","CCH9 XXVII ADDL. CITY CIVIL AND SESSIONS JUDGE","Business"
"KABC010069632010","EX/1/2010","28","12-04-2017","H-12-04-2017","CCH9 XXVII ADDL. CITY CIVIL AND SESSIONS JUDGE","Back Daily Status PRL. CITY CIVIL AND SESSIONS JUDGE In the court of :CCH9 XXVII ADDL. CITY CIVIL AND SESSIONS JUDGE CNR Number :KABC010069632010 Case Number :EX/0000001/2010 INDUSIND BANK LTD. versus RAJANNA Date : 12-04-2017 Next Purpose : NOTICE Next Hearing Date : 04-08-2017 CCH9 XXVII ADDL. CITY CIVIL AND SESSIONS JUDGE"
"KABC010069632010","EX/1/2010","29","19-01-2017","H-19-01-2017","CCH9 XXVII ADDL. CITY CIVIL AND SESSIONS JUDGE","Back Daily Status PRL. CITY CIVIL AND SESSIONS JUDGE In the court of :CCH9 XXVII ADDL. CITY CIVIL AND SESSIONS JUDGE CNR Number :KABC010069632010 Case Number :EX/0000001/2010 INDUSIND BANK LTD. versus RAJANNA Date : 19-01-2017 Next Purpose : NOTICE Next Hearing Date : 12-04-2017 CCH9 XXVII ADDL. CITY CIVIL AND SESSIONS JUDGE"
"KABC010069632010","EX/1/2010","30","01-10-2016","H-01-10-2016","CCH9 XXVII ADDL. CITY CIVIL AND SESSIONS JUDGE","Back Daily Status PRL. CITY CIVIL AND SESSIONS JUDGE In the court of :CCH9 XXVII ADDL. CITY CIVIL AND SESSIONS JUDGE CNR Number :KABC010069632010 Case Number :EX/0000001/2010 INDUSIND BANK LTD. versus RAJANNA Date : 01-10-2016 Next Purpose : NOTICE Next Hearing Date : 19-01-2017 CCH9 XXVII ADDL. CITY CIVIL AND SESSIONS JUDGE"
"KABC010069632010","EX/1/2010","31","20-06-2016","H-20-06-2016","CCH9 XXVII ADDL. CITY CIVIL AND SESSIONS JUDGE","Back Daily Status PRL. CITY CIVIL AND SESSIONS JUDGE In the court of :CCH9 XXVII ADDL. CITY CIVIL AND SESSIONS JUDGE CNR Number :KABC010069632010 Case Number :EX/0000001/2010 INDUSIND BANK LTD. versus RAJANNA Date : 20-06-2016 Next Purpose : SUMMONS Next Hearing Date : 01-10-2016 CCH9 XXVII ADDL. CITY CIVIL AND SESSIONS JUDGE"
"KABC010069632010","EX/1/2010","32","11-03-2016","H-11-03-2016","CCH9 XXVII ADDL. CITY CIVIL AND SESSIONS JUDGE","Back Daily Status PRL. CITY CIVIL AND SESSIONS JUDGE In the court of :CCH9 XXVII ADDL. CITY CIVIL AND SESSIONS JUDGE CNR Number :KABC010069632010 Case Number :EX/0000001/2010 INDUSIND BANK LTD. versus RAJANNA Date : 11-03-2016 Next Purpose : SUMMONS Next Hearing Date : 20-06-2016 CCH9 XXVII ADDL. CITY CIVIL AND SESSIONS JUDGE"
"KABC010069632010","EX/1/2010","33","17-11-2015","H-17-11-2015","CCH9 XXVII ADDL. CITY CIVIL AND SESSIONS JUDGE","Back Daily Status PRL. CITY CIVIL AND SESSIONS JUDGE In the court of :CCH9 XXVII ADDL. CITY CIVIL AND SESSIONS JUDGE CNR Number :KABC010069632010 Case Number :EX/0000001/2010 INDUSIND BANK LTD. versus RAJANNA Date : 17-11-2015 Next Purpose : SUMMONS Next Hearing Date : 11-03-2016 CCH9 XXVII ADDL. CITY CIVIL AND SESSIONS JUDGE"
"KABC010069632010","EX/1/2010","34","17-08-2015","H-17-08-2015","CCH9 XXVII ADDL. CITY CIVIL AND SESSIONS JUDGE","Back Daily Status PRL. CITY CIVIL AND SESSIONS JUDGE In the court of :CCH9 XXVII ADDL. CITY CIVIL AND SESSIONS JUDGE CNR Number :KABC010069632010 Case Number :EX/0000001/2010 INDUSIND BANK LTD. versus RAJANNA Date : 17-08-2015 Next Purpose : SUMMONS Next Hearing Date : 17-11-2015 CCH9 XXVII ADDL. CITY CIVIL AND SESSIONS JUDGE"
"KABC010069632010","EX/1/2010","35","04-06-2015","H-04-06-2015","CCH9 XXVII ADDL. CITY CIVIL AND SESSIONS JUDGE","Back Daily Status PRL. CITY CIVIL AND SESSIONS JUDGE In the court of :CCH9 XXVII ADDL. CITY CIVIL AND SESSIONS JUDGE CNR Number :KABC010069632010 Case Number :EX/0000001/2010 INDUSIND BANK LTD. versus RAJANNA Date : 04-06-2015 Next Purpose : NOTICE Next Hearing Date : 17-08-2015 CCH9 XXVII ADDL. CITY CIVIL AND SESSIONS JUDGE"
"KABC010069632010","EX/1/2010","36","15-04-2015","H-15-04-2015","CCH9 XXVII ADDL. CITY CIVIL AND SESSIONS JUDGE","Back Daily Status PRL. CITY CIVIL AND SESSIONS JUDGE In the court of :CCH9 XXVII ADDL. CITY CIVIL AND SESSIONS JUDGE CNR Number :KABC010069632010 Case Number :EX/0000001/2010 INDUSIND BANK LTD. versus RAJANNA Date : 15-04-2015 Next Purpose : SUMMONS Next Hearing Date : 04-06-2015 CCH9 XXVII ADDL. CITY CIVIL AND SESSIONS JUDGE"
"KABC010069632010","EX/1/2010","37","04-03-2015","H-04-03-2015","CCH9 XXVII ADDL. CITY CIVIL AND SESSIONS JUDGE","Back Daily Status PRL. CITY CIVIL AND SESSIONS JUDGE In the court of :CCH9 XXVII ADDL. CITY CIVIL AND SESSIONS JUDGE CNR Number :KABC010069632010 Case Number :EX/0000001/2010 INDUSIND BANK LTD. versus RAJANNA Date : 04-03-2015 Next Purpose : SUMMONS Next Hearing Date : 15-04-2015 CCH9 XXVII ADDL. CITY CIVIL AND SESSIONS JUDGE"
"KABC010069632010","EX/1/2010","38","13-02-2015","H-13-02-2015","CCH9 XXVII ADDL. CITY CIVIL AND SESSIONS JUDGE","Back Daily Status PRL. CITY CIVIL AND SESSIONS JUDGE In the court of :CCH9 XXVII ADDL. CITY CIVIL AND SESSIONS JUDGE CNR Number :KABC010069632010 Case Number :EX/0000001/2010 INDUSIND BANK LTD. versus RAJANNA Date : 13-02-2015 Next Purpose : SUMMONS Next Hearing Date : 04-03-2015 CCH9 XXVII ADDL. CITY CIVIL AND SESSIONS JUDGE"
"KABC010069632010","EX/1/2010","39","29-11-2014","H-29-11-2014","CCH9 XXVII ADDL. CITY CIVIL AND SESSIONS JUDGE","Back Daily Status PRL. CITY CIVIL AND SESSIONS JUDGE In the court of :CCH18 XIX ADDL. CITY CIVIL AND SESSIONS JUDGE CNR Number :KABC010069632010 Case Number :EX/0000001/2010 INDUSIND BANK LTD. versus RAJANNA Date : 29-11-2014 Next Purpose : NOTICE Next Hearing Date : 13-02-2015 CCH18 XIX ADDL. CITY CIVIL AND SESSIONS JUDGE"
"KABC010069632010","EX/1/2010","40","25-06-2014","H-25-06-2014","CCH9 XXVII ADDL. CITY CIVIL AND SESSIONS JUDGE","Back Daily Status PRL. CITY CIVIL AND SESSIONS JUDGE In the court of :CCH18 XIX ADDL. CITY CIVIL AND SESSIONS JUDGE CNR Number :KABC010069632010 Case Number :EX/0000001/2010 INDUSIND BANK LTD. versus RAJANNA Date : 25-06-2014 Next Purpose : NOTICE Next Hearing Date : 29-11-2014 CCH18 XIX ADDL. CITY CIVIL AND SESSIONS JUDGE"
"KABC010069632010","EX/1/2010","41","04-01-2014","H-04-01-2014","CCH9 XXVII ADDL. CITY CIVIL AND SESSIONS JUDGE","Back Daily Status PRL. CITY CIVIL AND SESSIONS JUDGE In the court of :CCH18 XIX ADDL. CITY CIVIL AND SESSIONS JUDGE CNR Number :KABC010069632010 Case Number :EX/0000001/2010 INDUSIND BANK LTD. versus RAJANNA Date : 04-01-2014 Next Purpose : NOTICE Next Hearing Date : 25-06-2014 CCH18 XIX ADDL. CITY CIVIL AND SESSIONS JUDGE"
"KABC010069632010","EX/1/2010","42","30-07-2013","H-30-07-2013","CCH9 XXVII ADDL. CITY CIVIL AND SESSIONS JUDGE","Back Daily Status PRL. CITY CIVIL AND SESSIONS JUDGE In the court of :CCH18 XIX ADDL. CITY CIVIL AND SESSIONS JUDGE CNR Number :KABC010069632010 Case Number :EX/0000001/2010 INDUSIND BANK LTD. versus RAJANNA Date : 30-07-2013 Next Purpose : NOTICE Next Hearing Date : 04-01-2014 CCH18 XIX ADDL. CITY CIVIL AND SESSIONS JUDGE"
"KABC010069632010","EX/1/2010","43","27-02-2013","H-27-02-2013","CCH9 XXVII ADDL. CITY CIVIL AND SESSIONS JUDGE","Back Daily Status PRL. CITY CIVIL AND SESSIONS JUDGE In the court of :CCH18 XIX ADDL. CITY CIVIL AND SESSIONS JUDGE CNR Number :KABC010069632010 Case Number :EX/0000001/2010 INDUSIND BANK LTD. versus RAJANNA Date : 27-02-2013 Next Purpose : NOTICE Next Hearing Date : 30-07-2013 CCH18 XIX ADDL. CITY CIVIL AND SESSIONS JUDGE"
"KABC010069642010","EX/2/2010","1","05-08-2023","1","17-CCH12 XVI ADDL. CITY CIVIL AND SESSIONS JUDGE","Business"
"KABC010069642010","EX/2/2010","2","09-06-2023","H-09-06-2023","17-CCH12 XVI ADDL. CITY CIVIL AND SESSIONS JUDGE","Business"
"KABC010069642010","EX/2/2010","3","25-03-2023","H-25-03-2023","17-CCH12 XVI ADDL. CITY CIVIL AND SESSIONS JUDGE","Business"
"KABC010069642010","EX/2/2010","4","28-02-2023","H-28-02-2023","17-CCH12 XVI ADDL. CITY CIVIL AND SESSIONS JUDGE","Business"
"KABC010069642010","EX/2/2010","5","14-11-2022","H-14-11-2022","17-CCH12 XVI ADDL. CITY CIVIL AND SESSIONS JUDGE","Business"
"KABC010069642010","EX/2/2010","6","17-09-2022","H-17-09-2022","17-CCH12 XVI ADDL. CITY CIVIL AND SESSIONS JUDGE","Business"
"KABC010069642010","EX/2/2010","7","06-08-2022","H-06-08-2022","17-CCH12 XVI ADDL. CITY CIVIL AND SESSIONS JUDGE","Business"
"KABC010069642010","EX/2/2010","8","30-06-2022","H-30-06-2022","17-CCH12 XVI ADDL. CITY CIVIL AND SESSIONS JUDGE","Business"
"KABC010069642010","EX/2/2010","9","16-04-2022","H-16-04-2022","17-CCH12 XVI ADDL. CITY CIVIL AND SESSIONS JUDGE","Business"
"KABC010069642010","EX/2/2010","10","19-02-2022","H-19-02-2022","17-CCH12 XVI ADDL. CITY CIVIL AND SESSIONS JUDGE","Business"
"KABC010069642010","EX/2/2010","11","18-12-2021","H-18-12-2021","17-CCH12 XVI ADDL. CITY CIVIL AND SESSIONS JUDGE","Business"
"KABC010069642010","EX/2/2010","12","22-10-2021","H-22-10-2021","17-CCH12 XVI ADDL. CITY CIVIL AND SESSIONS JUDGE","Business"
"KABC010069642010","EX/2/2010","13","17-07-2021","H-17-07-2021","17-CCH12 XVI ADDL. CITY CIVIL AND SESSIONS JUDGE","Business"
"KABC010069642010","EX/2/2010","14","03-04-2021","H-03-04-2021","17-CCH12 XVI ADDL. CITY CIVIL AND SESSIONS JUDGE","Business"
"KABC010069642010","EX/2/2010","15","04-01-2021","H-04-01-2021","17-CCH12 XVI ADDL. CITY CIVIL AND SESSIONS JUDGE","Business"
"KABC010069642010","EX/2/2010","16","02-11-2020","H-02-11-2020","17-CCH12 XVI ADDL. CITY CIVIL AND SESSIONS JUDGE","Business"
"KABC010069642010","EX/2/2010","17","27-10-2020","H-27-10-2020","17-CCH12 XVI ADDL. CITY CIVIL AND SESSIONS JUDGE","Business"
"KABC010069642010","EX/2/2010","18","28-08-2020","H-28-08-2020","17-CCH12 XVI ADDL. CITY CIVIL AND SESSIONS JUDGE","Business"
"KABC010069642010","EX/2/2010","19","22-07-2020","H-22-07-2020","17-CCH12 XVI ADDL. CITY CIVIL AND SESSIONS JUDGE","Business"
"KABC010069642010","EX/2/2010","20","29-06-2020","H-29-06-2020","17-CCH12 XVI ADDL. CITY CIVIL AND SESSIONS JUDGE","Business"
"KABC010069642010","EX/2/2010","21","06-06-2020","H-06-06-2020","17-CCH12 XVI ADDL. CITY CIVIL AND SESSIONS JUDGE","Business"
"KABC010069642010","EX/2/2010","22","07-02-2020","H-07-02-2020","17-CCH12 XVI ADDL. CITY CIVIL AND SESSIONS JUDGE","Business"
"KABC010069642010","EX/2/2010","23","22-11-2019","H-22-11-2019","17-CCH12 XVI ADDL. CITY CIVIL AND SESSIONS JUDGE","Business"
"KABC010069642010","EX/2/2010","24","27-09-2019","H-27-09-2019","17-CCH12 XVI ADDL. CITY CIVIL AND SESSIONS JUDGE","Business"
"KABC010069642010","EX/2/2010","25","17-07-2019","H-17-07-2019","17-CCH12 XVI ADDL. CITY CIVIL AND SESSIONS JUDGE","Business"
"KABC010069642010","EX/2/2010","26","12-06-2019","H-12-06-2019","17-CCH12 XVI ADDL. CITY CIVIL AND SESSIONS JUDGE","Business"
"KABC010069642010","EX/2/2010","27","24-04-2019","H-24-04-2019","17-CCH12 XVI ADDL. CITY CIVIL AND SESSIONS JUDGE","Business"
"KABC010069642010","EX/2/2010","28","02-03-2019","H-02-03-2019","17-CCH12 XVI ADDL. CITY CIVIL AND SESSIONS JUDGE","Business"
"KABC010069642010","EX/2/2010","29","08-02-2019","H-08-02-2019","17-CCH12 XVI ADDL. CITY CIVIL AND SESSIONS JUDGE","Business"
"KABC010069642010","EX/2/2010","30","07-01-2019","H-07-01-2019","17-CCH12 XVI ADDL. CITY CIVIL AND SESSIONS JUDGE","Business"
"KABC010069642010","EX/2/2010","31","06-12-2018","H-06-12-2018","17-CCH12 XVI ADDL. CITY CIVIL AND SESSIONS JUDGE","Business"
"KABC010069642010","EX/2/2010","32","19-11-2018","H-19-11-2018","17-CCH12 XVI ADDL. CITY CIVIL AND SESSIONS JUDGE","Business"
"KABC010069642010","EX/2/2010","33","06-10-2018","H-06-10-2018","17-CCH12 XVI ADDL. CITY CIVIL AND SESSIONS JUDGE","Business"
"KABC010069642010","EX/2/2010","34","20-09-2018","H-20-09-2018","17-CCH12 XVI ADDL. CITY CIVIL AND SESSIONS JUDGE","Business"
"KABC010069642010","EX/2/2010","35","21-08-2018","H-21-08-2018","17-CCH12 XVI ADDL. CITY CIVIL AND SESSIONS JUDGE","Business"
"KABC010069642010","EX/2/2010","36","31-07-2018","H-31-07-2018","17-CCH12 XVI ADDL. CITY CIVIL AND SESSIONS JUDGE","Business"
"KABC010069642010","EX/2/2010","37","07-07-2018","H-07-07-2018","17-CCH12 XVI ADDL. CITY CIVIL AND SESSIONS JUDGE","Business"
"KABC010069642010","EX/2/2010","38","15-06-2018","H-15-06-2018","17-CCH12 XVI ADDL. CITY CIVIL AND SESSIONS JUDGE","Business"
"KABC010069642010","EX/2/2010","39","02-04-2018","H-02-04-2018","17-CCH12 XVI ADDL. CITY CIVIL AND SESSIONS JUDGE","Business"
"KABC010069642010","EX/2/2010","40","08-03-2018","H-08-03-2018","17-CCH12 XVI ADDL. CITY CIVIL AND SESSIONS JUDGE","Business"
"KABC010069642010","EX/2/2010","41","14-02-2018","H-14-02-2018","17-CCH12 XVI ADDL. CITY CIVIL AND SESSIONS JUDGE","Business"
"KABC010069642010","EX/2/2010","42","01-01-2018","H-01-01-2018","17-CCH12 XVI ADDL. CITY CIVIL AND SESSIONS JUDGE","Business"
"KABC010069642010","EX/2/2010","43","16-11-2017","H-16-11-2017","17-CCH12 XVI ADDL. CITY CIVIL AND SESSIONS JUDGE","Business"
"KABC010069642010","EX/2/2010","44","06-10-2017","H-06-10-2017","17-CCH12 XVI ADDL. CITY CIVIL AND SESSIONS JUDGE","Business"
"KABC010069642010","EX/2/2010","45","21-08-2017","H-21-08-2017","17-CCH12 XVI ADDL. CITY CIVIL AND SESSIONS JUDGE","Business"
"KABC010069642010","EX/2/2010","46","24-07-2017","H-24-07-2017","17-CCH12 XVI ADDL. CITY CIVIL AND SESSIONS JUDGE","Business"
"KABC010069642010","EX/2/2010","47","03-06-2017","H-03-06-2017","17-CCH12 XVI ADDL. CITY CIVIL AND SESSIONS JUDGE","Back Daily Status PRL. CITY CIVIL AND SESSIONS JUDGE In the court of :CCH12 XVI ADDL. CITY CIVIL AND SESSIONS JUDGE CNR Number :KABC010069642010 Case Number :EX/0000002/2010 INDUSIND BANK LTD. versus QUADEER PASHA Date : 03-06-2017 Next Purpose : NOTICE Next Hearing Date : 24-07-2017 CCH12 XVI ADDL. CITY CIVIL AND SESSIONS JUDGE"
"KABC010069642010","EX/2/2010","48","25-03-2017","H-25-03-2017","17-CCH12 XVI ADDL. CITY CIVIL AND SESSIONS JUDGE","Back Daily Status PRL. CITY CIVIL AND SESSIONS JUDGE In the court of :CCH12 XVI ADDL. CITY CIVIL AND SESSIONS JUDGE CNR Number :KABC010069642010 Case Number :EX/0000002/2010 INDUSIND BANK LTD. versus QUADEER PASHA Date : 25-03-2017 Next Purpose : NOTICE Next Hearing Date : 03-06-2017 CCH12 XVI ADDL. CITY CIVIL AND SESSIONS JUDGE"
"KABC010069642010","EX/2/2010","49","14-02-2017","H-14-02-2017","17-CCH12 XVI ADDL. CITY CIVIL AND SESSIONS JUDGE","Back Daily Status PRL. CITY CIVIL AND SESSIONS JUDGE In the court of :CCH12 XVI ADDL. CITY CIVIL AND SESSIONS JUDGE CNR Number :KABC010069642010 Case Number :EX/0000002/2010 INDUSIND BANK LTD. versus QUADEER PASHA Date : 14-02-2017 Next Purpose : NOTICE Next Hearing Date : 25-03-2017 CCH12 XVI ADDL. CITY CIVIL AND SESSIONS JUDGE"
"KABC010069642010","EX/2/2010","50","19-11-2016","H-19-11-2016","17-CCH12 XVI ADDL. CITY CIVIL AND SESSIONS JUDGE","Back Daily Status PRL. CITY CIVIL AND SESSIONS JUDGE In the court of :CCH12 XVI ADDL. CITY CIVIL AND SESSIONS JUDGE CNR Number :KABC010069642010 Case Number :EX/0000002/2010 INDUSIND BANK LTD. versus QUADEER PASHA Date : 19-11-2016 Next Purpose : NOTICE Next Hearing Date : 14-02-2017 CCH12 XVI ADDL. CITY CIVIL AND SESSIONS JUDGE"
"KABC010069642010","EX/2/2010","51","24-09-2016","H-24-09-2016","17-CCH12 XVI ADDL. CITY CIVIL AND SESSIONS JUDGE","Back Daily Status PRL. CITY CIVIL AND SESSIONS JUDGE In the court of :CCH12 XVI ADDL. CITY CIVIL AND SESSIONS JUDGE CNR Number :KABC010069642010 Case Number :EX/0000002/2010 INDUSIND BANK LTD. versus QUADEER PASHA Date : 24-09-2016 Next Purpose : NOTICE Next Hearing Date : 19-11-2016 CCH12 XVI ADDL. CITY CIVIL AND SESSIONS JUDGE"
"KABC010069642010","EX/2/2010","52","18-06-2016","H-18-06-2016","17-CCH12 XVI ADDL. CITY CIVIL AND SESSIONS JUDGE","Back Daily Status PRL. CITY CIVIL AND SESSIONS JUDGE In the court of :CCH12 XVI ADDL. CITY CIVIL AND SESSIONS JUDGE CNR Number :KABC010069642010 Case Number :EX/0000002/2010 INDUSIND BANK LTD. versus QUADEER PASHA Date : 18-06-2016 Next Purpose : NOTICE Next Hearing Date : 24-09-2016 CCH12 XVI ADDL. CITY CIVIL AND SESSIONS JUDGE"
"KABC010069642010","EX/2/2010","53","26-03-2016","H-26-03-2016","17-CCH12 XVI ADDL. CITY CIVIL AND SESSIONS JUDGE","Back Daily Status PRL. CITY CIVIL AND SESSIONS JUDGE In the court of :CCH12 XVI ADDL. CITY CIVIL AND SESSIONS JUDGE CNR Number :KABC010069642010 Case Number :EX/0000002/2010 INDUSIND BANK LTD. versus QUADEER PASHA Date : 26-03-2016 Next Purpose : NOTICE Next Hearing Date : 18-06-2016 CCH12 XVI ADDL. CITY CIVIL AND SESSIONS JUDGE"
"KABC010069642010","EX/2/2010","54","30-01-2016","H-30-01-2016","17-CCH12 XVI ADDL. CITY CIVIL AND SESSIONS JUDGE","Back Daily Status PRL. CITY CIVIL AND SESSIONS JUDGE In the court of :CCH12 XVI ADDL. CITY CIVIL AND SESSIONS JUDGE CNR Number :KABC010069642010 Case Number :EX/0000002/2010 INDUSIND BANK LTD. versus QUADEER PASHA Date : 30-01-2016 Next Purpose : SUMMONS Next Hearing Date : 26-03-2016 CCH12 XVI ADDL. CITY CIVIL AND SESSIONS JUDGE"
"KABC010069642010","EX/2/2010","55","05-12-2015","H-05-12-2015","17-CCH12 XVI ADDL. CITY CIVIL AND SESSIONS JUDGE","Back Daily Status PRL. CITY CIVIL AND SESSIONS JUDGE In the court of :CCH12 XVI ADDL. CITY CIVIL AND SESSIONS JUDGE CNR Number :KABC010069642010 Case Number :EX/0000002/2010 INDUSIND BANK LTD. versus QUADEER PASHA Date : 05-12-2015 Next Purpose : NOTICE Next Hearing Date : 30-01-2016 CCH12 XVI ADDL. CITY CIVIL AND SESSIONS JUDGE"
"KABC010069642010","EX/2/2010","56","17-10-2015","H-17-10-2015","17-CCH12 XVI ADDL. CITY CIVIL AND SESSIONS JUDGE","Back Daily Status PRL. CITY CIVIL AND SESSIONS JUDGE In the court of :CCH12 XVI ADDL. CITY CIVIL AND SESSIONS JUDGE CNR Number :KABC010069642010 Case Number :EX/0000002/2010 INDUSIND BANK LTD. versus QUADEER PASHA Date : 17-10-2015 Next Purpose : NOTICE Next Hearing Date : 05-12-2015 CCH12 XVI ADDL. CITY CIVIL AND SESSIONS JUDGE"
"KABC010069642010","EX/2/2010","57","25-08-2015","H-25-08-2015","17-CCH12 XVI ADDL. CITY CIVIL AND SESSIONS JUDGE","Back Daily Status PRL. CITY CIVIL AND SESSIONS JUDGE In the court of :CCH12 XVI ADDL. CITY CIVIL AND SESSIONS JUDGE CNR Number :KABC010069642010 Case Number :EX/0000002/2010 INDUSIND BANK LTD. versus QUADEER PASHA Date : 25-08-2015 Next Purpose : NOTICE Next Hearing Date : 17-10-2015 CCH12 XVI ADDL. CITY CIVIL AND SESSIONS JUDGE"
"KABC010069642010","EX/2/2010","58","13-02-2015","H-13-02-2015","17-CCH12 XVI ADDL. CITY CIVIL AND SESSIONS JUDGE","Back Daily Status PRL. CITY CIVIL AND SESSIONS JUDGE In the court of :CCH12 XVI ADDL. CITY CIVIL AND SESSIONS JUDGE CNR Number :KABC010069642010 Case Number :EX/0000002/2010 INDUSIND BANK LTD. versus QUADEER PASHA Date : 13-02-2015 Next Purpose : SUMMONS Next Hearing Date : 25-08-2015 CCH12 XVI ADDL. CITY CIVIL AND SESSIONS JUDGE"
"KABC010069642010","EX/2/2010","59","29-11-2014","H-29-11-2014","17-CCH12 XVI ADDL. CITY CIVIL AND SESSIONS JUDGE","Back Daily Status PRL. CITY CIVIL AND SESSIONS JUDGE In the court of :CCH18 XIX ADDL. CITY CIVIL AND SESSIONS JUDGE CNR Number :KABC010069642010 Case Number :EX/0000002/2010 INDUSIND BANK LTD. versus QUADEER PASHA Date : 29-11-2014 Next Purpose : NOTICE Next Hearing Date : 13-02-2015 CCH18 XIX ADDL. CITY CIVIL AND SESSIONS JUDGE"
"KABC010069642010","EX/2/2010","60","25-06-2014","H-25-06-2014","17-CCH12 XVI ADDL. CITY CIVIL AND SESSIONS JUDGE","Back Daily Status PRL. CITY CIVIL AND SESSIONS JUDGE In the court of :CCH18 XIX ADDL. CITY CIVIL AND SESSIONS JUDGE CNR Number :KABC010069642010 Case Number :EX/0000002/2010 INDUSIND BANK LTD. versus QUADEER PASHA Date : 25-06-2014 Next Purpose : NOTICE Next Hearing Date : 29-11-2014 CCH18 XIX ADDL. CITY CIVIL AND SESSIONS JUDGE"
"KABC010069642010","EX/2/2010","61","04-01-2014","H-04-01-2014","17-CCH12 XVI ADDL. CITY CIVIL AND SESSIONS JUDGE","Back Daily Status PRL. CITY CIVIL AND SESSIONS JUDGE In the court of :CCH18 XIX ADDL. CITY CIVIL AND SESSIONS JUDGE CNR Number :KABC010069642010 Case Number :EX/0000002/2010 INDUSIND BANK LTD. versus QUADEER PASHA Date : 04-01-2014 Next Purpose : NOTICE Next Hearing Date : 25-06-2014 CCH18 XIX ADDL. CITY CIVIL AND SESSIONS JUDGE"
"KABC010069642010","EX/2/2010","62","30-07-2013","H-30-07-2013","17-CCH12 XVI ADDL. CITY CIVIL AND SESSIONS JUDGE","Back Daily Status PRL. CITY CIVIL AND SESSIONS JUDGE In the court of :CCH18 XIX ADDL. CITY CIVIL AND SESSIONS JUDGE CNR Number :KABC010069642010 Case Number :EX/0000002/2010 INDUSIND BANK LTD. versus QUADEER PASHA Date : 30-07-2013 Next Purpose : NOTICE Next Hearing Date : 04-01-2014 CCH18 XIX ADDL. CITY CIVIL AND SESSIONS JUDGE"
"KABC010069642010","EX/2/2010","63","27-02-2013","H-27-02-2013","17-CCH12 XVI ADDL. CITY CIVIL AND SESSIONS JUDGE","Back Daily Status PRL. CITY CIVIL AND SESSIONS JUDGE In the court of :CCH18 XIX ADDL. CITY CIVIL AND SESSIONS JUDGE CNR Number :KABC010069642010 Case Number :EX/0000002/2010 INDUSIND BANK LTD. versus QUADEER PASHA Date : 27-02-2013 Next Purpose : NOTICE Next Hearing Date : 30-07-2013 CCH18 XIX ADDL. CITY CIVIL AND SESSIONS JUDGE"
"KABC010069652010","EX/3/2010","1","16-03-2021","1","CCH9 XXVII ADDL. CITY CIVIL AND SESSIONS JUDGE","Business"
"KABC010069652010","EX/3/2010","2","02-02-2021","H-02-02-2021","CCH9 XXVII ADDL. CITY CIVIL AND SESSIONS JUDGE","Business"
"KABC010069652010","EX/3/2010","3","04-11-2020","H-04-11-2020","CCH9 XXVII ADDL. CITY CIVIL AND SESSIONS JUDGE","Business"
"KABC010069652010","EX/3/2010","4","07-09-2020","H-07-09-2020","CCH9 XXVII ADDL. CITY CIVIL AND SESSIONS JUDGE","Business"
"KABC010069652010","EX/3/2010","5","11-06-2020","H-11-06-2020","CCH9 XXVII ADDL. CITY CIVIL AND SESSIONS JUDGE","Business"
"KABC010069652010","EX/3/2010","6","09-03-2020","H-09-03-2020","CCH9 XXVII ADDL. CITY CIVIL AND SESSIONS JUDGE","Business"
"KABC010069652010","EX/3/2010","7","17-01-2020","H-17-01-2020","CCH9 XXVII ADDL. CITY CIVIL AND SESSIONS JUDGE","Business"
"KABC010069652010","EX/3/2010","8","13-11-2019","H-13-11-2019","CCH9 XXVII ADDL. CITY CIVIL AND SESSIONS JUDGE","Business"
"KABC010069652010","EX/3/2010","9","16-09-2019","H-16-09-2019","CCH9 XXVII ADDL. CITY CIVIL AND SESSIONS JUDGE","Business"
"KABC010069652010","EX/3/2010","10","05-09-2019","H-05-09-2019","CCH9 XXVII ADDL. CITY CIVIL AND SESSIONS JUDGE","Business"
"KABC010069652010","EX/3/2010","11","01-07-2019","H-01-07-2019","CCH9 XXVII ADDL. CITY CIVIL AND SESSIONS JUDGE","Business"
"KABC010069652010","EX/3/2010","12","25-04-2019","H-25-04-2019","CCH9 XXVII ADDL. CITY CIVIL AND SESSIONS JUDGE","Business"
"KABC010069652010","EX/3/2010","13","15-02-2019","H-15-02-2019","CCH9 XXVII ADDL. CITY CIVIL AND SESSIONS JUDGE","Business"
"KABC010069652010","EX/3/2010","14","14-12-2018","H-14-12-2018","CCH9 XXVII ADDL. CITY CIVIL AND SESSIONS JUDGE","Business"
"KABC010069652010","EX/3/2010","15","20-10-2018","H-20-10-2018","CCH9 XXVII ADDL. CITY CIVIL AND SESSIONS JUDGE","Business"
"KABC010069652010","EX/3/2010","16","20-07-2018","H-20-07-2018","CCH9 XXVII ADDL. CITY CIVIL AND SESSIONS JUDGE","Business"
"KABC010069652010","EX/3/2010","17","20-03-2018","H-20-03-2018","CCH9 XXVII ADDL. CITY CIVIL AND SESSIONS JUDGE","Business"
"KABC010069652010","EX/3/2010","18","11-12-2017","H-11-12-2017","CCH9 XXVII ADDL. CITY CIVIL AND SESSIONS JUDGE","Business"
"KABC010069652010","EX/3/2010","19","07-09-2017","H-07-09-2017","CCH9 XXVII ADDL. CITY CIVIL AND SESSIONS JUDGE","Business"
"KABC010069652010","EX/3/2010","20","06-07-2017","H-06-07-2017","CCH9 XXVII ADDL. CITY CIVIL AND SESSIONS JUDGE","Business"
"KABC010069652010","EX/3/2010","21","22-03-2017","H-22-03-2017","CCH9 XXVII ADDL. CITY CIVIL AND SESSIONS JUDGE","Back Daily Status PRL. CITY CIVIL AND SESSIONS JUDGE In the court of :CCH9 XXVII ADDL. CITY CIVIL AND SESSIONS JUDGE CNR Number :KABC010069652010 Case Number :EX/0000003/2010 INDUSIND BANK LTD. versus CHANDRASHEKAR G Date : 22-03-2017 Next Purpose : NOTICE Next Hearing Date : 06-07-2017 CCH9 XXVII ADDL. CITY CIVIL AND SESSIONS JUDGE"
"KABC010069652010","EX/3/2010","22","05-12-2016","H-05-12-2016","CCH9 XXVII ADDL. CITY CIVIL AND SESSIONS JUDGE","Back Daily Status PRL. CITY CIVIL AND SESSIONS JUDGE In the court of :CCH9 XXVII ADDL. CITY CIVIL AND SESSIONS JUDGE CNR Number :KABC010069652010 Case Number :EX/0000003/2010 INDUSIND BANK LTD. versus CHANDRASHEKAR G Date : 05-12-2016 Next Purpose : NOTICE Next Hearing Date : 22-03-2017 CCH9 XXVII ADDL. CITY CIVIL AND SESSIONS JUDGE"
"KABC010069652010","EX/3/2010","23","13-07-2016","H-13-07-2016","CCH9 XXVII ADDL. CITY CIVIL AND SESSIONS JUDGE","Back Daily Status PRL. CITY CIVIL AND SESSIONS JUDGE In the court of :CCH9 XXVII ADDL. CITY CIVIL AND SESSIONS JUDGE CNR Number :KABC010069652010 Case Number :EX/0000003/2010 INDUSIND BANK LTD. versus CHANDRASHEKAR G Date : 13-07-2016 Next Purpose : SUMMONS Next Hearing Date : 05-12-2016 CCH9 XXVII ADDL. CITY CIVIL AND SESSIONS JUDGE"
"KABC010069652010","EX/3/2010","24","21-04-2016","H-21-04-2016","CCH9 XXVII ADDL. CITY CIVIL AND SESSIONS JUDGE","Back Daily Status PRL. CITY CIVIL AND SESSIONS JUDGE In the court of :CCH9 XXVII ADDL. CITY CIVIL AND SESSIONS JUDGE CNR Number :KABC010069652010 Case Number :EX/0000003/2010 INDUSIND BANK LTD. versus CHANDRASHEKAR G Date : 21-04-2016 Next Purpose : SUMMONS Next Hearing Date : 13-07-2016 CCH9 XXVII ADDL. CITY CIVIL AND SESSIONS JUDGE"
"KABC010069652010","EX/3/2010","25","03-02-2016","H-03-02-2016","CCH9 XXVII ADDL. CITY CIVIL AND SESSIONS JUDGE","Back Daily Status PRL. CITY CIVIL AND SESSIONS JUDGE In the court of :CCH9 XXVII ADDL. CITY CIVIL AND SESSIONS JUDGE CNR Number :KABC010069652010 Case Number :EX/0000003/2010 INDUSIND BANK LTD. versus CHANDRASHEKAR G Date : 03-02-2016 Next Purpose : SUMMONS Next Hearing Date : 21-04-2016 CCH9 XXVII ADDL. CITY CIVIL AND SESSIONS JUDGE"
"KABC010069652010","EX/3/2010","26","01-10-2015","H-01-10-2015","CCH9 XXVII ADDL. CITY CIVIL AND SESSIONS JUDGE","Back Daily Status PRL. CITY CIVIL AND SESSIONS JUDGE In the court of :CCH9 XXVII ADDL. CITY CIVIL AND SESSIONS JUDGE CNR Number :KABC010069652010 Case Number :EX/0000003/2010 INDUSIND BANK LTD. versus CHANDRASHEKAR G Date : 01-10-2015 Next Purpose : SUMMONS Next Hearing Date : 03-02-2016 CCH9 XXVII ADDL. CITY CIVIL AND SESSIONS JUDGE"
"KABC010069652010","EX/3/2010","27","21-07-2015","H-21-07-2015","CCH9 XXVII ADDL. CITY CIVIL AND SESSIONS JUDGE","Back Daily Status PRL. CITY CIVIL AND SESSIONS JUDGE In the court of :CCH9 XXVII ADDL. CITY CIVIL AND SESSIONS JUDGE CNR Number :KABC010069652010 Case Number :EX/0000003/2010 INDUSIND BANK LTD. versus CHANDRASHEKAR G Date : 21-07-2015 Next Purpose : SUMMONS Next Hearing Date : 01-10-2015 CCH9 XXVII ADDL. CITY CIVIL AND SESSIONS JUDGE"
"KABC010069652010","EX/3/2010","28","03-06-2015","H-03-06-2015","CCH9 XXVII ADDL. CITY CIVIL AND SESSIONS JUDGE","Back Daily Status PRL. CITY CIVIL AND SESSIONS JUDGE In the court of :CCH9 XXVII ADDL. CITY CIVIL AND SESSIONS JUDGE CNR Number :KABC010069652010 Case Number :EX/0000003/2010 INDUSIND BANK LTD. versus CHANDRASHEKAR G Date : 03-06-2015 Next Purpose : SUMMONS Next Hearing Date : 21-07-2015 CCH9 XXVII ADDL. CITY CIVIL AND SESSIONS JUDGE"
"KABC010069652010","EX/3/2010","29","29-11-2014","H-29-11-2014","CCH9 XXVII ADDL. CITY CIVIL AND SESSIONS JUDGE","Back Daily Status PRL. CITY CIVIL AND SESSIONS JUDGE In the court of :CCH18 XIX ADDL. CITY CIVIL AND SESSIONS JUDGE CNR Number :KABC010069652010 Case Number :EX/0000003/2010 INDUSIND BANK LTD. versus CHANDRASHEKAR G Date : 29-11-2014 Next Purpose : NOTICE Next Hearing Date : 03-06-2015 CCH18 XIX ADDL. CITY CIVIL AND SESSIONS JUDGE"
"KABC010069652010","EX/3/2010","30","25-06-2014","H-25-06-2014","CCH9 XXVII ADDL. CITY CIVIL AND SESSIONS JUDGE","Back Daily Status PRL. CITY CIVIL AND SESSIONS JUDGE In the court of :CCH18 XIX ADDL. CITY CIVIL AND SESSIONS JUDGE CNR Number :KABC010069652010 Case Number :EX/0000003/2010 INDUSIND BANK LTD. versus CHANDRASHEKAR G Date : 25-06-2014 Next Purpose : NOTICE Next Hearing Date : 29-11-2014 CCH18 XIX ADDL. CITY CIVIL AND SESSIONS JUDGE"
"KABC010069652010","EX/3/2010","31","04-01-2014","H-04-01-2014","CCH9 XXVII ADDL. CITY CIVIL AND SESSIONS JUDGE","Back Daily Status PRL. CITY CIVIL AND SESSIONS JUDGE In the court of :CCH18 XIX ADDL. CITY CIVIL AND SESSIONS JUDGE CNR Number :KABC010069652010 Case Number :EX/0000003/2010 INDUSIND BANK LTD. versus CHANDRASHEKAR G Date : 04-01-2014 Next Purpose : NOTICE Next Hearing Date : 25-06-2014 CCH18 XIX ADDL. CITY CIVIL AND SESSIONS JUDGE"
"KABC010069652010","EX/3/2010","32","30-07-2013","H-30-07-2013","CCH9 XXVII ADDL. CITY CIVIL AND SESSIONS JUDGE","Back Daily Status PRL. CITY CIVIL AND SESSIONS JUDGE In the court of :CCH18 XIX ADDL. CITY CIVIL AND SESSIONS JUDGE CNR Number :KABC010069652010 Case Number :EX/0000003/2010 INDUSIND BANK LTD. versus CHANDRASHEKAR G Date : 30-07-2013 Next Purpose : NOTICE Next Hearing Date : 04-01-2014 CCH18 XIX ADDL. CITY CIVIL AND SESSIONS JUDGE"
"KABC010069652010","EX/3/2010","33","27-02-2013","H-27-02-2013","CCH9 XXVII ADDL. CITY CIVIL AND SESSIONS JUDGE","Back Daily Status PRL. CITY CIVIL AND SESSIONS JUDGE In the court of :CCH18 XIX ADDL. CITY CIVIL AND SESSIONS JUDGE CNR Number :KABC010069652010 Case Number :EX/0000003/2010 INDUSIND BANK LTD. versus CHANDRASHEKAR G Date : 27-02-2013 Next Purpose : NOTICE Next Hearing Date : 30-07-2013 CCH18 XIX ADDL. CITY CIVIL AND SESSIONS JUDGE"
"KABC010069652010","EX/3/2010","34","10-10-2012","H-10-10-2012","CCH9 XXVII ADDL. CITY CIVIL AND SESSIONS JUDGE","Back Daily Status PRL. CITY CIVIL AND SESSIONS JUDGE In the court of :CCH18 XIX ADDL. CITY CIVIL AND SESSIONS JUDGE CNR Number :KABC010069652010 Case Number :EX/0000003/2010 INDUSIND BANK LTD. versus CHANDRASHEKAR G Date : 10-10-2012 Next Purpose : NOTICE Next Hearing Date : 27-02-2013 CCH18 XIX ADDL. CITY CIVIL AND SESSIONS JUDGE"
"KABC010069652010","EX/3/2010","35","20-06-2012","H-20-06-2012","CCH9 XXVII ADDL. CITY CIVIL AND SESSIONS JUDGE","Business"
"KABC010069652010","EX/3/2010","36","04-02-2012","H-04-02-2012","CCH9 XXVII ADDL. CITY CIVIL AND SESSIONS JUDGE","Business"
"KABC010069652010","EX/3/2010","37","22-09-2011","H-22-09-2011","CCH9 XXVII ADDL. CITY CIVIL AND SESSIONS JUDGE","Business"
"KABC010069652010","EX/3/2010","38","16-06-2011","H-16-06-2011","CCH9 XXVII ADDL. CITY CIVIL AND SESSIONS JUDGE","Business"
"KABC010069652010","EX/3/2010","39","05-02-2011","H-05-02-2011","CCH9 XXVII ADDL. CITY CIVIL AND SESSIONS JUDGE","Business"
"KABC010069652010","EX/3/2010","40","08-10-2010","H-08-10-2010","CCH9 XXVII ADDL. CITY CIVIL AND SESSIONS JUDGE","Business"
"KABC010069652010","EX/3/2010","41","02-07-2010","H-02-07-2010","CCH9 XXVII ADDL. CITY CIVIL AND SESSIONS JUDGE","Business"
"KABC010069662010","EX/4/2010","1","02-01-2019","1","17-CCH12 XVI ADDL. CITY CIVIL AND SESSIONS JUDGE","Business"
"KABC010069662010","EX/4/2010","2","24-11-2018","H-24-11-2018","17-CCH12 XVI ADDL. CITY CIVIL AND SESSIONS JUDGE","Business"
"KABC010069662010","EX/4/2010","3","25-10-2018","H-25-10-2018","17-CCH12 XVI ADDL. CITY CIVIL AND SESSIONS JUDGE","Business"
"KABC010069662010","EX/4/2010","4","20-09-2018","H-20-09-2018","17-CCH12 XVI ADDL. CITY CIVIL AND SESSIONS JUDGE","Business"
"KABC010069662010","EX/4/2010","5","21-08-2018","H-21-08-2018","17-CCH12 XVI ADDL. CITY CIVIL AND SESSIONS JUDGE","Business"
"KABC010069662010","EX/4/2010","6","31-07-2018","H-31-07-2018","17-CCH12 XVI ADDL. CITY CIVIL AND SESSIONS JUDGE","Business"
"KABC010069662010","EX/4/2010","7","07-07-2018","H-07-07-2018","17-CCH12 XVI ADDL. CITY CIVIL AND SESSIONS JUDGE","Business"
"KABC010069662010","EX/4/2010","8","28-05-2018","H-28-05-2018","17-CCH12 XVI ADDL. CITY CIVIL AND SESSIONS JUDGE","Business"
"KABC010069662010","EX/4/2010","9","24-03-2018","H-24-03-2018","17-CCH12 XVI ADDL. CITY CIVIL AND SESSIONS JUDGE","Business"
"KABC010069662010","EX/4/2010","10","07-02-2018","H-07-02-2018","17-CCH12 XVI ADDL. CITY CIVIL AND SESSIONS JUDGE","Business"
"KABC010069662010","EX/4/2010","11","11-01-2018","H-11-01-2018","17-CCH12 XVI ADDL. CITY CIVIL AND SESSIONS JUDGE","Business"
"KABC010069662010","EX/4/2010","12","20-11-2017","H-20-11-2017","17-CCH12 XVI ADDL. CITY CIVIL AND SESSIONS JUDGE","Business"
"KABC010069662010","EX/4/2010","13","21-10-2017","H-21-10-2017","17-CCH12 XVI ADDL. CITY CIVIL AND SESSIONS JUDGE","Business"
"KABC010069662010","EX/4/2010","14","01-09-2017","H-01-09-2017","17-CCH12 XVI ADDL. CITY CIVIL AND SESSIONS JUDGE","Business"
"KABC010069662010","EX/4/2010","15","15-07-2017","H-15-07-2017","17-CCH12 XVI ADDL. CITY CIVIL AND SESSIONS JUDGE","Business"
"KABC010069662010","EX/4/2010","16","15-04-2017","H-15-04-2017","17-CCH12 XVI ADDL. CITY CIVIL AND SESSIONS JUDGE","Back Daily Status PRL. CITY CIVIL AND SESSIONS JUDGE In the court of :CCH12 XVI ADDL. CITY CIVIL AND SESSIONS JUDGE CNR Number :KABC010069662010 Case Number :EX/0000004/2010 INDUSIND BANK LTD. versus MANJUNATHA A Date : 15-04-2017 Next Purpose : NOTICE Next Hearing Date : 15-07-2017 CCH12 XVI ADDL. CITY CIVIL AND SESSIONS JUDGE"
"KABC010069662010","EX/4/2010","17","15-02-2017","H-15-02-2017","17-CCH12 XVI ADDL. CITY CIVIL AND SESSIONS JUDGE","Back Daily Status PRL. CITY CIVIL AND SESSIONS JUDGE In the court of :CCH12 XVI ADDL. CITY CIVIL AND SESSIONS JUDGE CNR Number :KABC010069662010 Case Number :EX/0000004/2010 INDUSIND BANK LTD. versus MANJUNATHA A Date : 15-02-2017 Next Purpose : NOTICE Next Hearing Date : 15-04-2017 CCH12 XVI ADDL. CITY CIVIL AND SESSIONS JUDGE"
"KABC010069662010","EX/4/2010","18","19-11-2016","H-19-11-2016","17-CCH12 XVI ADDL. CITY CIVIL AND SESSIONS JUDGE","Back Daily Status PRL. CITY CIVIL AND SESSIONS JUDGE In the court of :CCH12 XVI ADDL. CITY CIVIL AND SESSIONS JUDGE CNR Number :KABC010069662010 Case Number :EX/0000004/2010 INDUSIND BANK LTD. versus MANJUNATHA A Date : 19-11-2016 Next Purpose : NOTICE Next Hearing Date : 15-02-2017 CCH12 XVI ADDL. CITY CIVIL AND SESSIONS JUDGE"
"KABC010069662010","EX/4/2010","19","24-09-2016","H-24-09-2016","17-CCH12 XVI ADDL. CITY CIVIL AND SESSIONS JUDGE","Back Daily Status PRL. CITY CIVIL AND SESSIONS JUDGE In the court of :CCH12 XVI ADDL. CITY CIVIL AND SESSIONS JUDGE CNR Number :KABC010069662010 Case Number :EX/0000004/2010 INDUSIND BANK LTD. versus MANJUNATHA A Date : 24-09-2016 Next Purpose : NOTICE Next Hearing Date : 19-11-2016 CCH12 XVI ADDL. CITY CIVIL AND SESSIONS JUDGE"
"KABC010069662010","EX/4/2010","20","18-06-2016","H-18-06-2016","17-CCH12 XVI ADDL. CITY CIVIL AND SESSIONS JUDGE","Back Daily Status PRL. CITY CIVIL AND SESSIONS JUDGE In the court of :CCH12 XVI ADDL. CITY CIVIL AND SESSIONS JUDGE CNR Number :KABC010069662010 Case Number :EX/0000004/2010 INDUSIND BANK LTD. versus MANJUNATHA A Date : 18-06-2016 Next Purpose : NOTICE Next Hearing Date : 24-09-2016 CCH12 XVI ADDL. CITY CIVIL AND SESSIONS JUDGE"
"KABC010069662010","EX/4/2010","21","26-03-2016","H-26-03-2016","17-CCH12 XVI ADDL. CITY CIVIL AND SESSIONS JUDGE","Back Daily Status PRL. CITY CIVIL AND SESSIONS JUDGE In the court of :CCH12 XVI ADDL. CITY CIVIL AND SESSIONS JUDGE CNR Number :KABC010069662010 Case Number :EX/0000004/2010 INDUSIND BANK LTD. versus MANJUNATHA A Date : 26-03-2016 Next Purpose : NOTICE Next Hearing Date : 18-06-2016 CCH12 XVI ADDL. CITY CIVIL AND SESSIONS JUDGE"
"KABC010069662010","EX/4/2010","22","30-01-2016","H-30-01-2016","17-CCH12 XVI ADDL. CITY CIVIL AND SESSIONS JUDGE","Back Daily Status PRL. CITY CIVIL AND SESSIONS JUDGE In the court of :CCH12 XVI ADDL. CITY CIVIL AND SESSIONS JUDGE CNR Number :KABC010069662010 Case Number :EX/0000004/2010 INDUSIND BANK LTD. versus MANJUNATHA A Date : 30-01-2016 Next Purpose : SUMMONS Next Hearing Date : 26-03-2016 CCH12 XVI ADDL. CITY CIVIL AND SESSIONS JUDGE"
"KABC010069662010","EX/4/2010","23","05-12-2015","H-05-12-2015","17-CCH12 XVI ADDL. CITY CIVIL AND SESSIONS JUDGE","Back Daily Status PRL. CITY CIVIL AND SESSIONS JUDGE In the court of :CCH12 XVI ADDL. CITY CIVIL AND SESSIONS JUDGE CNR Number :KABC010069662010 Case Number :EX/0000004/2010 INDUSIND BANK LTD. versus MANJUNATHA A Date : 05-12-2015 Next Purpose : NOTICE Next Hearing Date : 30-01-2016 CCH12 XVI ADDL. CITY CIVIL AND SESSIONS JUDGE"
"KABC010069662010","EX/4/2010","24","17-10-2015","H-17-10-2015","17-CCH12 XVI ADDL. CITY CIVIL AND SESSIONS JUDGE","Back Daily Status PRL. CITY CIVIL AND SESSIONS JUDGE In the court of :CCH12 XVI ADDL. CITY CIVIL AND SESSIONS JUDGE CNR Number :KABC010069662010 Case Number :EX/0000004/2010 INDUSIND BANK LTD. versus MANJUNATHA A Date : 17-10-2015 Next Purpose : SUMMONS Next Hearing Date : 05-12-2015 CCH12 XVI ADDL. CITY CIVIL AND SESSIONS JUDGE"
"KABC010069662010","EX/4/2010","25","22-07-2015","H-22-07-2015","17-CCH12 XVI ADDL. CITY CIVIL AND SESSIONS JUDGE","Back Daily Status PRL. CITY CIVIL AND SESSIONS JUDGE In the court of :CCH12 XVI ADDL. CITY CIVIL AND SESSIONS JUDGE CNR Number :KABC010069662010 Case Number :EX/0000004/2010 INDUSIND BANK LTD. versus MANJUNATHA A Date : 22-07-2015 Next Purpose : SUMMONS Next Hearing Date : 17-10-2015 CCH12 XVI ADDL. CITY CIVIL AND SESSIONS JUDGE"
"KABC010069662010","EX/4/2010","26","19-06-2015","H-19-06-2015","17-CCH12 XVI ADDL. CITY CIVIL AND SESSIONS JUDGE","Back Daily Status PRL. CITY CIVIL AND SESSIONS JUDGE In the court of :CCH12 XVI ADDL. CITY CIVIL AND SESSIONS JUDGE CNR Number :KABC010069662010 Case Number :EX/0000004/2010 INDUSIND BANK LTD. versus MANJUNATHA A Date : 19-06-2015 Next Purpose : SUMMONS Next Hearing Date : 22-07-2015 CCH12 XVI ADDL. CITY CIVIL AND SESSIONS JUDGE"
"KABC010069662010","EX/4/2010","27","27-01-2015","H-27-01-2015","17-CCH12 XVI ADDL. CITY CIVIL AND SESSIONS JUDGE","Back Daily Status PRL. CITY CIVIL AND SESSIONS JUDGE In the court of :CCH12 XVI ADDL. CITY CIVIL AND SESSIONS JUDGE CNR Number :KABC010069662010 Case Number :EX/0000004/2010 INDUSIND BANK LTD. versus MANJUNATHA A Date : 27-01-2015 Next Purpose : SUMMONS Next Hearing Date : 19-06-2015 CCH12 XVI ADDL. CITY CIVIL AND SESSIONS JUDGE"
"KABC010069662010","EX/4/2010","28","07-08-2014","H-07-08-2014","17-CCH12 XVI ADDL. CITY CIVIL AND SESSIONS JUDGE","Back Daily Status PRL. CITY CIVIL AND SESSIONS JUDGE In the court of :CCH18 XIX ADDL. CITY CIVIL AND SESSIONS JUDGE CNR Number :KABC010069662010 Case Number :EX/0000004/2010 INDUSIND BANK LTD. versus MANJUNATHA A Date : 07-08-2014 Next Purpose : NOTICE Next Hearing Date : 27-01-2015 CCH18 XIX ADDL. CITY CIVIL AND SESSIONS JUDGE"
"KABC010069662010","EX/4/2010","29","24-02-2014","H-24-02-2014","17-CCH12 XVI ADDL. CITY CIVIL AND SESSIONS JUDGE","Back Daily Status PRL. CITY CIVIL AND SESSIONS JUDGE In the court of :CCH18 XIX ADDL. CITY CIVIL AND SESSIONS JUDGE CNR Number :KABC010069662010 Case Number :EX/0000004/2010 INDUSIND BANK LTD. versus MANJUNATHA A Date : 24-02-2014 Next Purpose : NOTICE Next Hearing Date : 07-08-2014 CCH18 XIX ADDL. CITY CIVIL AND SESSIONS JUDGE"
"KABC010069662010","EX/4/2010","30","18-09-2013","H-18-09-2013","17-CCH12 XVI ADDL. CITY CIVIL AND SESSIONS JUDGE","Back Daily Status PRL. CITY CIVIL AND SESSIONS JUDGE In the court of :CCH18 XIX ADDL. CITY CIVIL AND SESSIONS JUDGE CNR Number :KABC010069662010 Case Number :EX/0000004/2010 INDUSIND BANK LTD. versus MANJUNATHA A Date : 18-09-2013 Next Purpose : NOTICE Next Hearing Date : 24-02-2014 CCH18 XIX ADDL. CITY CIVIL AND SESSIONS JUDGE"
"KABC010069662010","EX/4/2010","31","05-04-2013","H-05-04-2013","17-CCH12 XVI ADDL. CITY CIVIL AND SESSIONS JUDGE","Back Daily Status PRL. CITY CIVIL AND SESSIONS JUDGE In the court of :CCH18 XIX ADDL. CITY CIVIL AND SESSIONS JUDGE CNR Number :KABC010069662010 Case Number :EX/0000004/2010 INDUSIND BANK LTD. versus MANJUNATHA A Date : 05-04-2013 Next Purpose : NOTICE Next Hearing Date : 18-09-2013 CCH18 XIX ADDL. CITY CIVIL AND SESSIONS JUDGE"
"KABC010069662010","EX/4/2010","32","26-11-2012","H-26-11-2012","17-CCH12 XVI ADDL. CITY CIVIL AND SESSIONS JUDGE","Back Daily Status PRL. CITY CIVIL AND SESSIONS JUDGE In the court of :CCH18 XIX ADDL. CITY CIVIL AND SESSIONS JUDGE CNR Number :KABC010069662010 Case Number :EX/0000004/2010 INDUSIND BANK LTD. versus MANJUNATHA A Date : 26-11-2012 Next Purpose : NOTICE Next Hearing Date : 05-04-2013 CCH18 XIX ADDL. CITY CIVIL AND SESSIONS JUDGE"
"KABC010069662010","EX/4/2010","33","27-07-2012","H-27-07-2012","17-CCH12 XVI ADDL. CITY CIVIL AND SESSIONS JUDGE","Business"
"KABC010069662010","EX/4/2010","34","15-03-2012","H-15-03-2012","17-CCH12 XVI ADDL. CITY CIVIL AND SESSIONS JUDGE","Business"
"KABC010069662010","EX/4/2010","35","10-11-2011","H-10-11-2011","17-CCH12 XVI ADDL. CITY CIVIL AND SESSIONS JUDGE","Business"
"KABC010069662010","EX/4/2010","36","19-07-2011","H-19-07-2011","17-CCH12 XVI ADDL. CITY CIVIL AND SESSIONS JUDGE","Business"
"KABC010069662010","EX/4/2010","37","14-03-2011","H-14-03-2011","17-CCH12 XVI ADDL. CITY CIVIL AND SESSIONS JUDGE","Business"
"KABC010069662010","EX/4/2010","38","29-09-2010","H-29-09-2010","17-CCH12 XVI ADDL. CITY CIVIL AND SESSIONS JUDGE","Business"
"KABC010069662010","EX/4/2010","39","25-06-2010","H-25-06-2010","17-CCH12 XVI ADDL. CITY CIVIL AND SESSIONS JUDGE","Business"
"KABC010069662010","EX/4/2010","40","29-05-2010","H-29-05-2010","17-CCH12 XVI ADDL. CITY CIVIL AND SESSIONS JUDGE","Business"
"KABC010069662010","EX/4/2010","41","15-02-2010","H-15-02-2010","17-CCH12 XVI ADDL. CITY CIVIL AND SESSIONS JUDGE","Business"
"KABC010069672010","EX/5/2010","1","12-07-2012","1","3-CCH17 II ADDL. CITY CIVIL AND SESSIONS JUDGE","Business"
"KABC010069672010","EX/5/2010","2","19-07-2010","H-19-07-2010","3-CCH17 II ADDL. CITY CIVIL AND SESSIONS JUDGE","Business"
"KABC010069672010","EX/5/2010","3","01-03-2010","H-01-03-2010","3-CCH17 II ADDL. CITY CIVIL AND SESSIONS JUDGE","Business"
"KABC010069682010","EX/6/2010","1","17-08-2019","1","17-CCH12 XVI ADDL. CITY CIVIL AND SESSIONS JUDGE","Back Daily Status PRL. CITY CIVIL AND SESSIONS JUDGE In the court of :CCH12 XVI ADDL. CITY CIVIL AND SESSIONS JUDGE CNR Number :KABC010069682010 Case Number :EX/0000006/2010 INDUSIND BANK LTD. versus MUNIRAJU Date : 17-08-2019 Nature of Disposal : DISPOSED OTHERWISE Disposal Date : 17-08-2019 CCH12 XVI ADDL. CITY CIVIL AND SESSIONS JUDGE"
"KABC010069682010","EX/6/2010","2","20-07-2019","H-20-07-2019","17-CCH12 XVI ADDL. CITY CIVIL AND SESSIONS JUDGE","Business"
"KABC010069682010","EX/6/2010","3","15-06-2019","H-15-06-2019","17-CCH12 XVI ADDL. CITY CIVIL AND SESSIONS JUDGE","Business"
"KABC010069682010","EX/6/2010","4","11-04-2019","H-11-04-2019","17-CCH12 XVI ADDL. CITY CIVIL AND SESSIONS JUDGE","Business"
"KABC010069682010","EX/6/2010","5","26-02-2019","H-26-02-2019","17-CCH12 XVI ADDL. CITY CIVIL AND SESSIONS JUDGE","Business"
"KABC010069682010","EX/6/2010","6","04-02-2019","H-04-02-2019","17-CCH12 XVI ADDL. CITY CIVIL AND SESSIONS JUDGE","Business"
"KABC010069682010","EX/6/2010","7","19-01-2019","H-19-01-2019","17-CCH12 XVI ADDL. CITY CIVIL AND SESSIONS JUDGE","Business"
"KABC010069682010","EX/6/2010","8","13-12-2018","H-13-12-2018","17-CCH12 XVI ADDL. CITY CIVIL AND SESSIONS JUDGE","Business"
"KABC010069682010","EX/6/2010","9","25-10-2018","H-25-10-2018","17-CCH12 XVI ADDL. CITY CIVIL AND SESSIONS JUDGE","Business"
"KABC010069682010","EX/6/2010","10","20-09-2018","H-20-09-2018","17-CCH12 XVI ADDL. CITY CIVIL AND SESSIONS JUDGE","Business"
"KABC010069682010","EX/6/2010","11","30-08-2018","H-30-08-2018","17-CCH12 XVI ADDL. CITY CIVIL AND SESSIONS JUDGE","Business"
"KABC010069682010","EX/6/2010","12","02-08-2018","H-02-08-2018","17-CCH12 XVI ADDL. CITY CIVIL AND SESSIONS JUDGE","Business"
"KABC010069682010","EX/6/2010","13","16-07-2018","H-16-07-2018","17-CCH12 XVI ADDL. CITY CIVIL AND SESSIONS JUDGE","Business"
"KABC010069682010","EX/6/2010","14","04-07-2018","H-04-07-2018","17-CCH12 XVI ADDL. CITY CIVIL AND SESSIONS JUDGE","Business"
"KABC010069682010","EX/6/2010","15","07-06-2018","H-07-06-2018","17-CCH12 XVI ADDL. CITY CIVIL AND SESSIONS JUDGE","Business"
"KABC010069682010","EX/6/2010","16","07-04-2018","H-07-04-2018","17-CCH12 XVI ADDL. CITY CIVIL AND SESSIONS JUDGE","Business"
"KABC010069682010","EX/6/2010","17","28-02-2018","H-28-02-2018","17-CCH12 XVI ADDL. CITY CIVIL AND SESSIONS JUDGE","Business"
"KABC010069682010","EX/6/2010","18","08-02-2018","H-08-02-2018","17-CCH12 XVI ADDL. CITY CIVIL AND SESSIONS JUDGE","Business"
"KABC010069682010","EX/6/2010","19","11-01-2018","H-11-01-2018","17-CCH12 XVI ADDL. CITY CIVIL AND SESSIONS JUDGE","Business"
"KABC010069682010","EX/6/2010","20","20-11-2017","H-20-11-2017","17-CCH12 XVI ADDL. CITY CIVIL AND SESSIONS JUDGE","Business"
"KABC010069682010","EX/6/2010","21","21-10-2017","H-21-10-2017","17-CCH12 XVI ADDL. CITY CIVIL AND SESSIONS JUDGE","Business"
"KABC010069682010","EX/6/2010","22","11-09-2017","H-11-09-2017","17-CCH12 XVI ADDL. CITY CIVIL AND SESSIONS JUDGE","Business"
"KABC010069682010","EX/6/2010","23","10-08-2017","H-10-08-2017","17-CCH12 XVI ADDL. CITY CIVIL AND SESSIONS JUDGE","Business"
"KABC010069682010","EX/6/2010","24","15-06-2017","H-15-06-2017","17-CCH12 XVI ADDL. CITY CIVIL AND SESSIONS JUDGE","Business"
"KABC010069682010","EX/6/2010","25","07-04-2017","H-07-04-2017","17-CCH12 XVI ADDL. CITY CIVIL AND SESSIONS JUDGE","Back Daily Status PRL. CITY CIVIL AND SESSIONS JUDGE In the court of :CCH12 XVI ADDL. CITY CIVIL AND SESSIONS JUDGE CNR Number :KABC010069682010 Case Number :EX/0000006/2010 INDUSIND BANK LTD. versus MUNIRAJU Date : 07-04-2017 Next Purpose : NOTICE Next Hearing Date : 15-06-2017 CCH12 XVI ADDL. CITY CIVIL AND SESSIONS JUDGE"
"KABC010069682010","EX/6/2010","26","04-02-2017","H-04-02-2017","17-CCH12 XVI ADDL. CITY CIVIL AND SESSIONS JUDGE","Back Daily Status PRL. CITY CIVIL AND SESSIONS JUDGE In the court of :CCH12 XVI ADDL. CITY CIVIL AND SESSIONS JUDGE CNR Number :KABC010069682010 Case Number :EX/0000006/2010 INDUSIND BANK LTD. versus MUNIRAJU Date : 04-02-2017 Next Purpose : NOTICE Next Hearing Date : 07-04-2017 CCH12 XVI ADDL. CITY CIVIL AND SESSIONS JUDGE"
"KABC010069682010","EX/6/2010","27","05-11-2016","H-05-11-2016","17-CCH12 XVI ADDL. CITY CIVIL AND SESSIONS JUDGE","Back Daily Status PRL. CITY CIVIL AND SESSIONS JUDGE In the court of :CCH12 XVI ADDL. CITY CIVIL AND SESSIONS JUDGE CNR Number :KABC010069682010 Case Number :EX/0000006/2010 INDUSIND BANK LTD. versus MUNIRAJU Date : 05-11-2016 Next Purpose : NOTICE Next Hearing Date : 04-02-2017 CCH12 XVI ADDL. CITY CIVIL AND SESSIONS JUDGE"
"KABC010069682010","EX/6/2010","28","07-07-2016","H-07-07-2016","17-CCH12 XVI ADDL. CITY CIVIL AND SESSIONS JUDGE","Back Daily Status PRL. CITY CIVIL AND SESSIONS JUDGE In the court of :CCH12 XVI ADDL. CITY CIVIL AND SESSIONS JUDGE CNR Number :KABC010069682010 Case Number :EX/0000006/2010 INDUSIND BANK LTD. versus MUNIRAJU Date : 07-07-2016 Next Purpose : NOTICE Next Hearing Date : 05-11-2016 CCH12 XVI ADDL. CITY CIVIL AND SESSIONS JUDGE"
"KABC010069682010","EX/6/2010","29","01-04-2016","H-01-04-2016","17-CCH12 XVI ADDL. CITY CIVIL AND SESSIONS JUDGE","Back Daily Status PRL. CITY CIVIL AND SESSIONS JUDGE In the court of :CCH12 XVI ADDL. CITY CIVIL AND SESSIONS JUDGE CNR Number :KABC010069682010 Case Number :EX/0000006/2010 INDUSIND BANK LTD. versus MUNIRAJU Date : 01-04-2016 Next Purpose : NOTICE Next Hearing Date : 07-07-2016 CCH12 XVI ADDL. CITY CIVIL AND SESSIONS JUDGE"
"KABC010069682010","EX/6/2010","30","06-02-2016","H-06-02-2016","17-CCH12 XVI ADDL. CITY CIVIL AND SESSIONS JUDGE","Back Daily Status PRL. CITY CIVIL AND SESSIONS JUDGE In the court of :CCH12 XVI ADDL. CITY CIVIL AND SESSIONS JUDGE CNR Number :KABC010069682010 Case Number :EX/0000006/2010 INDUSIND BANK LTD. versus MUNIRAJU Date : 06-02-2016 Next Purpose : NOTICE Next Hearing Date : 01-04-2016 CCH12 XVI ADDL. CITY CIVIL AND SESSIONS JUDGE"
"KABC010069682010","EX/6/2010","31","19-12-2015","H-19-12-2015","17-CCH12 XVI ADDL. CITY CIVIL AND SESSIONS JUDGE","Back Daily Status PRL. CITY CIVIL AND SESSIONS JUDGE In the court of :CCH12 XVI ADDL. CITY CIVIL AND SESSIONS JUDGE CNR Number :KABC010069682010 Case Number :EX/0000006/2010 INDUSIND BANK LTD. versus MUNIRAJU Date : 19-12-2015 Next Purpose : NOTICE Next Hearing Date : 06-02-2016 CCH12 XVI ADDL. CITY CIVIL AND SESSIONS JUDGE"
"KABC010069682010","EX/6/2010","32","14-10-2015","H-14-10-2015","17-CCH12 XVI ADDL. CITY CIVIL AND SESSIONS JUDGE","Back Daily Status PRL. CITY CIVIL AND SESSIONS JUDGE In the court of :CCH12 XVI ADDL. CITY CIVIL AND SESSIONS JUDGE CNR Number :KABC010069682010 Case Number :EX/0000006/2010 INDUSIND BANK LTD. versus MUNIRAJU Date : 14-10-2015 Next Purpose : NOTICE Next Hearing Date : 19-12-2015 CCH12 XVI ADDL. CITY CIVIL AND SESSIONS JUDGE"
"KABC010069682010","EX/6/2010","33","13-04-2015","H-13-04-2015","17-CCH12 XVI ADDL. CITY CIVIL AND SESSIONS JUDGE","Back Daily Status PRL. CITY CIVIL AND SESSIONS JUDGE In the court of :CCH12 XVI ADDL. CITY CIVIL AND SESSIONS JUDGE CNR Number :KABC010069682010 Case Number :EX/0000006/2010 INDUSIND BANK LTD. versus MUNIRAJU Date : 13-04-2015 Next Purpose : NOTICE Next Hearing Date : 14-10-2015 CCH12 XVI ADDL. CITY CIVIL AND SESSIONS JUDGE"
"KABC010069682010","EX/6/2010","34","07-11-2014","H-07-11-2014","17-CCH12 XVI ADDL. CITY CIVIL AND SESSIONS JUDGE","Back Daily Status PRL. CITY CIVIL AND SESSIONS JUDGE In the court of :CCH18 XIX ADDL. CITY CIVIL AND SESSIONS JUDGE CNR Number :KABC010069682010 Case Number :EX/0000006/2010 INDUSIND BANK LTD. versus MUNIRAJU Date : 07-11-2014 Next Purpose : NOTICE Next Hearing Date : 13-04-2015 CCH18 XIX ADDL. CITY CIVIL AND SESSIONS JUDGE"
"KABC010069682010","EX/6/2010","35","03-06-2014","H-03-06-2014","17-CCH12 XVI ADDL. CITY CIVIL AND SESSIONS JUDGE","Back Daily Status PRL. CITY CIVIL AND SESSIONS JUDGE In the court of :CCH18 XIX ADDL. CITY CIVIL AND SESSIONS JUDGE CNR Number :KABC010069682010 Case Number :EX/0000006/2010 INDUSIND BANK LTD. versus MUNIRAJU Date : 03-06-2014 Next Purpose : NOTICE Next Hearing Date : 07-11-2014 CCH18 XIX ADDL. CITY CIVIL AND SESSIONS JUDGE"
"KABC010069682010","EX/6/2010","36","05-12-2013","H-05-12-2013","17-CCH12 XVI ADDL. CITY CIVIL AND SESSIONS JUDGE","Back Daily Status PRL. CITY CIVIL AND SESSIONS JUDGE In the court of :CCH18 XIX ADDL. CITY CIVIL AND SESSIONS JUDGE CNR Number :KABC010069682010 Case Number :EX/0000006/2010 INDUSIND BANK LTD. versus MUNIRAJU Date : 05-12-2013 Next Purpose : NOTICE Next Hearing Date : 03-06-2014 CCH18 XIX ADDL. CITY CIVIL AND SESSIONS JUDGE"
"KABC010069682010","EX/6/2010","37","09-07-2013","H-09-07-2013","17-CCH12 XVI ADDL. CITY CIVIL AND SESSIONS JUDGE","Back Daily Status PRL. CITY CIVIL AND SESSIONS JUDGE In the court of :CCH18 XIX ADDL. CITY CIVIL AND SESSIONS JUDGE CNR Number :KABC010069682010 Case Number :EX/0000006/2010 INDUSIND BANK LTD. versus MUNIRAJU Date : 09-07-2013 Next Purpose : NOTICE Next Hearing Date : 05-12-2013 CCH18 XIX ADDL. CITY CIVIL AND SESSIONS JUDGE"
"KABC010069682010","EX/6/2010","38","09-04-2013","H-09-04-2013","17-CCH12 XVI ADDL. CITY CIVIL AND SESSIONS JUDGE","Back Daily Status PRL. CITY CIVIL AND SESSIONS JUDGE In the court of :CCH18 XIX ADDL. CITY CIVIL AND SESSIONS JUDGE CNR Number :KABC010069682010 Case Number :EX/0000006/2010 INDUSIND BANK LTD. versus MUNIRAJU Date : 09-04-2013 Next Purpose : NOTICE Next Hearing Date : 09-07-2013 CCH18 XIX ADDL. CITY CIVIL AND SESSIONS JUDGE"
"KABC010069682010","EX/6/2010","39","12-02-2013","H-12-02-2013","17-CCH12 XVI ADDL. CITY CIVIL AND SESSIONS JUDGE","Back Daily Status PRL. CITY CIVIL AND SESSIONS JUDGE In the court of :CCH18 XIX ADDL. CITY CIVIL AND SESSIONS JUDGE CNR Number :KABC010069682010 Case Number :EX/0000006/2010 INDUSIND BANK LTD. versus MUNIRAJU Date : 12-02-2013 Next Purpose : NOTICE Next Hearing Date : 09-04-2013 CCH18 XIX ADDL. CITY CIVIL AND SESSIONS JUDGE"
"KABC010069682010","EX/6/2010","40","27-09-2012","H-27-09-2012","17-CCH12 XVI ADDL. CITY CIVIL AND SESSIONS JUDGE","Back Daily Status PRL. CITY CIVIL AND SESSIONS JUDGE In the court of :CCH18 XIX ADDL. CITY CIVIL AND SESSIONS JUDGE CNR Number :KABC010069682010 Case Number :EX/0000006/2010 INDUSIND BANK LTD. versus MUNIRAJU Date : 27-09-2012 Next Purpose : NOTICE Next Hearing Date : 12-02-2013 CCH18 XIX ADDL. CITY CIVIL AND SESSIONS JUDGE"
"KABC010069682010","EX/6/2010","41","07-06-2012","H-07-06-2012","17-CCH12 XVI ADDL. CITY CIVIL AND SESSIONS JUDGE","Business"
"KABC010069682010","EX/6/2010","42","24-01-2012","H-24-01-2012","17-CCH12 XVI ADDL. CITY CIVIL AND SESSIONS JUDGE","Business"
"KABC010069682010","EX/6/2010","43","13-09-2011","H-13-09-2011","17-CCH12 XVI ADDL. CITY CIVIL AND SESSIONS JUDGE","Business"
"KABC010069682010","EX/6/2010","44","06-06-2011","H-06-06-2011","17-CCH12 XVI ADDL. CITY CIVIL AND SESSIONS JUDGE","Business"
"KABC010069682010","EX/6/2010","45","27-01-2011","H-27-01-2011","17-CCH12 XVI ADDL. CITY CIVIL AND SESSIONS JUDGE","Business"
"KABC010069682010","EX/6/2010","46","24-09-2010","H-24-09-2010","17-CCH12 XVI ADDL. CITY CIVIL AND SESSIONS JUDGE","Business"
"KABC010069692010","EX/7/2010","1","27-03-2010","1","CCH25 III ADDL. CITY CIVIL AND SESSIONS JUDGE","Business"
"KABC010069692010","EX/7/2010","2","26-03-2010","H-26-03-2010","CCH25 III ADDL. CITY CIVIL AND SESSIONS JUDGE","Back Daily Status PRL. CITY CIVIL AND SESSIONS JUDGE In the court of :CCH25 III ADDL. CITY CIVIL AND SESSIONS JUDGE CNR Number :KABC010069692010 Case Number :EX/0000007/2010 USHARAJU versus ABDUL REHMAN C K Date : 26-03-2010 Next Purpose : HEARING Next Hearing Date : 27-03-2010 CCH25 III ADDL. CITY CIVIL AND SESSIONS JUDGE"
"KABC010069702010","EX/9/2010","1","11-11-2013","1","15-CCH28 XIV ADDL. CITY CIVIL AND SESSIONS JUDGE","Back Daily Status PRL. CITY CIVIL AND SESSIONS JUDGE In the court of :CCH28 XIV ADDL. CITY CIVIL AND SESSIONS JUDGE CNR Number :KABC010069702010 Case Number :EX/0000009/2010 JAYAKUMAR M versus MS BARON INTERNATIONAL LTD. Date : 11-11-2013 Nature of Disposal : DISMISED FOR DEFAULT Disposal Date : 11-11-2013 CCH28 XIV ADDL. CITY CIVIL AND SESSIONS JUDGE"
"KABC010069702010","EX/9/2010","2","10-09-2013","H-10-09-2013","15-CCH28 XIV ADDL. CITY CIVIL AND SESSIONS JUDGE","Back Daily Status PRL. CITY CIVIL AND SESSIONS JUDGE In the court of :CCH28 XIV ADDL. CITY CIVIL AND SESSIONS JUDGE CNR Number :KABC010069702010 Case Number :EX/0000009/2010 JAYAKUMAR M versus MS BARON INTERNATIONAL LTD. Date : 10-09-2013 Next Purpose : NOTICE Next Hearing Date : 11-11-2013 CCH28 XIV ADDL. CITY CIVIL AND SESSIONS JUDGE"
"KABC010069702010","EX/9/2010","3","12-08-2013","H-12-08-2013","15-CCH28 XIV ADDL. CITY CIVIL AND SESSIONS JUDGE","Back Daily Status PRL. CITY CIVIL AND SESSIONS JUDGE In the court of :CCH28 XIV ADDL. CITY CIVIL AND SESSIONS JUDGE CNR Number :KABC010069702010 Case Number :EX/0000009/2010 JAYAKUMAR M versus MS BARON INTERNATIONAL LTD. Date : 12-08-2013 Next Purpose : NOTICE Next Hearing Date : 10-09-2013 CCH28 XIV ADDL. CITY CIVIL AND SESSIONS JUDGE"
"KABC010069702010","EX/9/2010","4","18-06-2013","H-18-06-2013","15-CCH28 XIV ADDL. CITY CIVIL AND SESSIONS JUDGE","Back Daily Status PRL. CITY CIVIL AND SESSIONS JUDGE In the court of :CCH28 XIV ADDL. CITY CIVIL AND SESSIONS JUDGE CNR Number :KABC010069702010 Case Number :EX/0000009/2010 JAYAKUMAR M versus MS BARON INTERNATIONAL LTD. Date : 18-06-2013 Next Purpose : NOTICE Next Hearing Date : 12-08-2013 CCH28 XIV ADDL. CITY CIVIL AND SESSIONS JUDGE"
"KABC010069702010","EX/9/2010","5","16-04-2013","H-16-04-2013","15-CCH28 XIV ADDL. CITY CIVIL AND SESSIONS JUDGE","Back Daily Status PRL. CITY CIVIL AND SESSIONS JUDGE In the court of :CCH28 XIV ADDL. CITY CIVIL AND SESSIONS JUDGE CNR Number :KABC010069702010 Case Number :EX/0000009/2010 JAYAKUMAR M versus MS BARON INTERNATIONAL LTD. Date : 16-04-2013 Next Purpose : NOTICE Next Hearing Date : 18-06-2013 CCH28 XIV ADDL. CITY CIVIL AND SESSIONS JUDGE"
"KABC010069702010","EX/9/2010","6","11-02-2013","H-11-02-2013","15-CCH28 XIV ADDL. CITY CIVIL AND SESSIONS JUDGE","Back Daily Status PRL. CITY CIVIL AND SESSIONS JUDGE In the court of :CCH28 XIV ADDL. CITY CIVIL AND SESSIONS JUDGE CNR Number :KABC010069702010 Case Number :EX/0000009/2010 JAYAKUMAR M versus MS BARON INTERNATIONAL LTD. Date : 11-02-2013 Next Purpose : NOTICE Next Hearing Date : 16-04-2013 CCH28 XIV ADDL. CITY CIVIL AND SESSIONS JUDGE"
"KABC010069702010","EX/9/2010","7","04-12-2012","H-04-12-2012","15-CCH28 XIV ADDL. CITY CIVIL AND SESSIONS JUDGE","Back Daily Status PRL. CITY CIVIL AND SESSIONS JUDGE In the court of :CCH28 XIV ADDL. CITY CIVIL AND SESSIONS JUDGE CNR Number :KABC010069702010 Case Number :EX/0000009/2010 JAYAKUMAR M versus MS BARON INTERNATIONAL LTD. Date : 04-12-2012 Next Purpose : NOTICE Next Hearing Date : 11-02-2013 CCH28 XIV ADDL. CITY CIVIL AND SESSIONS JUDGE"
"KABC010069702010","EX/9/2010","8","16-10-2012","H-16-10-2012","15-CCH28 XIV ADDL. CITY CIVIL AND SESSIONS JUDGE","Back Daily Status PRL. CITY CIVIL AND SESSIONS JUDGE In the court of :CCH28 XIV ADDL. CITY CIVIL AND SESSIONS JUDGE CNR Number :KABC010069702010 Case Number :EX/0000009/2010 JAYAKUMAR M versus MS BARON INTERNATIONAL LTD. Date : 16-10-2012 Next Purpose : NOTICE Next Hearing Date : 04-12-2012 CCH28 XIV ADDL. CITY CIVIL AND SESSIONS JUDGE"
"KABC010069702010","EX/9/2010","9","31-08-2012","H-31-08-2012","15-CCH28 XIV ADDL. CITY CIVIL AND SESSIONS JUDGE","Back Daily Status PRL. CITY CIVIL AND SESSIONS JUDGE In the court of :CCH28 XIV ADDL. CITY CIVIL AND SESSIONS JUDGE CNR Number :KABC010069702010 Case Number :EX/0000009/2010 JAYAKUMAR M versus MS BARON INTERNATIONAL LTD. Date : 31-08-2012 Next Purpose : HEARING Next Hearing Date : 16-10-2012 CCH28 XIV ADDL. CITY CIVIL AND SESSIONS JUDGE"
"KABC010069702010","EX/9/2010","10","09-07-2012","H-09-07-2012","15-CCH28 XIV ADDL. CITY CIVIL AND SESSIONS JUDGE","Business"
"KABC010069702010","EX/9/2010","11","19-04-2012","H-19-04-2012","15-CCH28 XIV ADDL. CITY CIVIL AND SESSIONS JUDGE","Business"
"KABC010069702010","EX/9/2010","12","26-03-2012","H-26-03-2012","15-CCH28 XIV ADDL. CITY CIVIL AND SESSIONS JUDGE","Business"
"KABC010069702010","EX/9/2010","13","16-01-2012","H-16-01-2012","15-CCH28 XIV ADDL. CITY CIVIL AND SESSIONS JUDGE","Business"
"KABC010069702010","EX/9/2010","14","02-01-2012","H-02-01-2012","15-CCH28 XIV ADDL. CITY CIVIL AND SESSIONS JUDGE","Business"
"KABC010069702010","EX/9/2010","15","19-10-2011","H-19-10-2011","15-CCH28 XIV ADDL. CITY CIVIL AND SESSIONS JUDGE","Business"
"KABC010069702010","EX/9/2010","16","19-08-2011","H-19-08-2011","15-CCH28 XIV ADDL. CITY CIVIL AND SESSIONS JUDGE","Business"
"KABC010069702010","EX/9/2010","17","05-07-2011","H-05-07-2011","15-CCH28 XIV ADDL. CITY CIVIL AND SESSIONS JUDGE","Business"
"KABC010069702010","EX/9/2010","18","30-05-2011","H-30-05-2011","15-CCH28 XIV ADDL. CITY CIVIL AND SESSIONS JUDGE","Business"
"KABC010069702010","EX/9/2010","19","28-03-2011","H-28-03-2011","15-CCH28 XIV ADDL. CITY CIVIL AND SESSIONS JUDGE","Business"
"KABC010069702010","EX/9/2010","20","04-02-2011","H-04-02-2011","15-CCH28 XIV ADDL. CITY CIVIL AND SESSIONS JUDGE","Business"
"KABC010069702010","EX/9/2010","21","18-12-2010","H-18-12-2010","15-CCH28 XIV ADDL. CITY CIVIL AND SESSIONS JUDGE","Business"
"KABC010069702010","EX/9/2010","22","02-11-2010","H-02-11-2010","15-CCH28 XIV ADDL. CITY CIVIL AND SESSIONS JUDGE","Business"
"KABC010069702010","EX/9/2010","23","28-08-2010","H-28-08-2010","15-CCH28 XIV ADDL. CITY CIVIL AND SESSIONS JUDGE","Business"
"KABC010069702010","EX/9/2010","24","10-08-2010","H-10-08-2010","15-CCH28 XIV ADDL. CITY CIVIL AND SESSIONS JUDGE","Business"
"KABC010069702010","EX/9/2010","25","16-04-2010","H-16-04-2010","15-CCH28 XIV ADDL. CITY CIVIL AND SESSIONS JUDGE","Business"
"KABC010069712010","EX/10/2010","1","28-01-2011","1","CCH31 XXX ADDL. CITY CIVIL AND SESSIONS JUDGE","Business"
"KABC010069722010","EX/11/2010","1","15-10-2011","1","CCH25 III ADDL. CITY CIVIL AND SESSIONS JUDGE","Business"
"KABC010069722010","EX/11/2010","2","29-10-2010","H-29-10-2010","CCH25 III ADDL. CITY CIVIL AND SESSIONS JUDGE","Back Daily Status PRL. CITY CIVIL AND SESSIONS JUDGE In the court of :CCH25 III ADDL. CITY CIVIL AND SESSIONS JUDGE CNR Number :KABC010069722010 Case Number :EX/0000011/2010 SAKHWALKAR S N versus MS INTEGRATED HI TECH SOFTWARE PARK LTD. Date : 29-10-2010 Next Purpose : HEARING Next Hearing Date : 30-10-2010 CCH25 III ADDL. CITY CIVIL AND SESSIONS JUDGE"
"KABC010069732010","EX/12/2010","1","05-12-2015","1","17-CCH12 XVI ADDL. CITY CIVIL AND SESSIONS JUDGE","Business"
"KABC010069732010","EX/12/2010","2","03-10-2015","H-03-10-2015","17-CCH12 XVI ADDL. CITY CIVIL AND SESSIONS JUDGE","Back Daily Status PRL. CITY CIVIL AND SESSIONS JUDGE In the court of :CCH12 XVI ADDL. CITY CIVIL AND SESSIONS JUDGE CNR Number :KABC010069732010 Case Number :EX/0000012/2010 M S ALTEON HEALTH CARE PVT LTD. versus MS AMITY DISTRIBUTION AND MARKETING Date : 03-10-2015 Next Purpose : NOTICE Next Hearing Date : 05-12-2015 CCH12 XVI ADDL. CITY CIVIL AND SESSIONS JUDGE"
"KABC010069732010","EX/12/2010","3","24-08-2015","H-24-08-2015","17-CCH12 XVI ADDL. CITY CIVIL AND SESSIONS JUDGE","Back Daily Status PRL. CITY CIVIL AND SESSIONS JUDGE In the court of :CCH12 XVI ADDL. CITY CIVIL AND SESSIONS JUDGE CNR Number :KABC010069732010 Case Number :EX/0000012/2010 M S ALTEON HEALTH CARE PVT LTD. versus MS AMITY DISTRIBUTION AND MARKETING Date : 24-08-2015 Next Purpose : NOTICE Next Hearing Date : 03-10-2015 CCH12 XVI ADDL. CITY CIVIL AND SESSIONS JUDGE"
"KABC010069732010","EX/12/2010","4","17-02-2015","H-17-02-2015","17-CCH12 XVI ADDL. CITY CIVIL AND SESSIONS JUDGE","Back Daily Status PRL. CITY CIVIL AND SESSIONS JUDGE In the court of :CCH12 XVI ADDL. CITY CIVIL AND SESSIONS JUDGE CNR Number :KABC010069732010 Case Number :EX/0000012/2010 M S ALTEON HEALTH CARE PVT LTD. versus MS AMITY DISTRIBUTION AND MARKETING Date : 17-02-2015 Next Purpose : SUMMONS Next Hearing Date : 24-08-2015 CCH12 XVI ADDL. CITY CIVIL AND SESSIONS JUDGE"
"KABC010069732010","EX/12/2010","5","30-08-2014","H-30-08-2014","17-CCH12 XVI ADDL. CITY CIVIL AND SESSIONS JUDGE","Back Daily Status PRL. CITY CIVIL AND SESSIONS JUDGE In the court of : CNR Number :KABC010069732010 Case Number :EX/0000012/2010 M S ALTEON HEALTH CARE PVT LTD. versus MS AMITY DISTRIBUTION AND MARKETING Date : 30-08-2014 Next Purpose : NOTICE Next Hearing Date : 17-02-2015"
"KABC010069732010","EX/12/2010","6","17-03-2014","H-17-03-2014","17-CCH12 XVI ADDL. CITY CIVIL AND SESSIONS JUDGE","Back Daily Status PRL. CITY CIVIL AND SESSIONS JUDGE In the court of :CCH18 XIX ADDL. CITY CIVIL AND SESSIONS JUDGE CNR Number :KABC010069732010 Case Number :EX/0000012/2010 M S ALTEON HEALTH CARE PVT LTD. versus MS AMITY DISTRIBUTION AND MARKETING Date : 17-03-2014 Next Purpose : NOTICE Next Hearing Date : 30-08-2014 CCH18 XIX ADDL. CITY CIVIL AND SESSIONS JUDGE"
"KABC010069732010","EX/12/2010","7","10-10-2013","H-10-10-2013","17-CCH12 XVI ADDL. CITY CIVIL AND SESSIONS JUDGE","Back Daily Status PRL. CITY CIVIL AND SESSIONS JUDGE In the court of :CCH18 XIX ADDL. CITY CIVIL AND SESSIONS JUDGE CNR Number :KABC010069732010 Case Number :EX/0000012/2010 M S ALTEON HEALTH CARE PVT LTD. versus MS AMITY DISTRIBUTION AND MARKETING Date : 10-10-2013 Next Purpose : NOTICE Next Hearing Date : 17-03-2014 CCH18 XIX ADDL. CITY CIVIL AND SESSIONS JUDGE"
"KABC010069732010","EX/12/2010","8","27-05-2013","H-27-05-2013","17-CCH12 XVI ADDL. CITY CIVIL AND SESSIONS JUDGE","Back Daily Status PRL. CITY CIVIL AND SESSIONS JUDGE In the court of :CCH18 XIX ADDL. CITY CIVIL AND SESSIONS JUDGE CNR Number :KABC010069732010 Case Number :EX/0000012/2010 M S ALTEON HEALTH CARE PVT LTD. versus MS AMITY DISTRIBUTION AND MARKETING Date : 27-05-2013 Next Purpose : NOTICE Next Hearing Date : 10-10-2013 CCH18 XIX ADDL. CITY CIVIL AND SESSIONS JUDGE"
"KABC010069732010","EX/12/2010","9","10-12-2012","H-10-12-2012","17-CCH12 XVI ADDL. CITY CIVIL AND SESSIONS JUDGE","Back Daily Status PRL. CITY CIVIL AND SESSIONS JUDGE In the court of :CCH18 XIX ADDL. CITY CIVIL AND SESSIONS JUDGE CNR Number :KABC010069732010 Case Number :EX/0000012/2010 M S ALTEON HEALTH CARE PVT LTD. versus MS AMITY DISTRIBUTION AND MARKETING Date : 10-12-2012 Next Purpose : NOTICE Next Hearing Date : 27-05-2013 CCH18 XIX ADDL. CITY CIVIL AND SESSIONS JUDGE"
"KABC010069732010","EX/12/2010","10","10-08-2012","H-10-08-2012","17-CCH12 XVI ADDL. CITY CIVIL AND SESSIONS JUDGE","Business"
"KABC010069742010","EX/13/2010","1","22-02-2014","1","847-CCH45 XLIV ADDL. CITY CIVIL AND SESSONS JUDGE","Business"
"KABC010069742010","EX/13/2010","2","16-01-2014","H-16-01-2014","847-CCH45 XLIV ADDL. CITY CIVIL AND SESSONS JUDGE","Back Daily Status PRL. CITY CIVIL AND SESSIONS JUDGE In the court of :CCH45 XLIV ADDL. CITY CIVIL AND SESSONS JUDGE CNR Number :KABC010069742010 Case Number :EX/0000013/2010 SATHYA KEERTHI G K versus MS KOTHARI INTERGROUP LTD. Date : 16-01-2014 Next Purpose : SUMMONS Next Hearing Date : 22-02-2014 CCH45 XLIV ADDL. CITY CIVIL AND SESSONS JUDGE"
"KABC010069742010","EX/13/2010","3","19-11-2013","H-19-11-2013","847-CCH45 XLIV ADDL. CITY CIVIL AND SESSONS JUDGE","Back Daily Status PRL. CITY CIVIL AND SESSIONS JUDGE In the court of :CCH45 XLIV ADDL. CITY CIVIL AND SESSONS JUDGE CNR Number :KABC010069742010 Case Number :EX/0000013/2010 SATHYA KEERTHI G K versus MS KOTHARI INTERGROUP LTD. Date : 19-11-2013 Next Purpose : SUMMONS Next Hearing Date : 16-01-2014 CCH45 XLIV ADDL. CITY CIVIL AND SESSONS JUDGE"
"KABC010069742010","EX/13/2010","4","23-09-2013","H-23-09-2013","847-CCH45 XLIV ADDL. CITY CIVIL AND SESSONS JUDGE","Back Daily Status PRL. CITY CIVIL AND SESSIONS JUDGE In the court of :CCH45 XLIV ADDL. CITY CIVIL AND SESSONS JUDGE CNR Number :KABC010069742010 Case Number :EX/0000013/2010 SATHYA KEERTHI G K versus MS KOTHARI INTERGROUP LTD. Date : 23-09-2013 Next Purpose : HEARING Next Hearing Date : 19-11-2013 CCH45 XLIV ADDL. CITY CIVIL AND SESSONS JUDGE"
"KABC010069742010","EX/13/2010","5","27-07-2013","H-27-07-2013","847-CCH45 XLIV ADDL. CITY CIVIL AND SESSONS JUDGE","Back Daily Status PRL. CITY CIVIL AND SESSIONS JUDGE In the court of :CCH45 XLIV ADDL. CITY CIVIL AND SESSONS JUDGE CNR Number :KABC010069742010 Case Number :EX/0000013/2010 SATHYA KEERTHI G K versus MS KOTHARI INTERGROUP LTD. Date : 27-07-2013 Next Purpose : HEARING Next Hearing Date : 23-09-2013 CCH45 XLIV ADDL. CITY CIVIL AND SESSONS JUDGE"
"KABC010069742010","EX/13/2010","6","15-06-2013","H-15-06-2013","847-CCH45 XLIV ADDL. CITY CIVIL AND SESSONS JUDGE","Back Daily Status PRL. CITY CIVIL AND SESSIONS JUDGE In the court of :CCH45 XLIV ADDL. CITY CIVIL AND SESSONS JUDGE CNR Number :KABC010069742010 Case Number :EX/0000013/2010 SATHYA KEERTHI G K versus MS KOTHARI INTERGROUP LTD. Date : 15-06-2013 Next Purpose : HEARING Next Hearing Date : 27-07-2013 CCH45 XLIV ADDL. CITY CIVIL AND SESSONS JUDGE"
"KABC010069742010","EX/13/2010","7","20-04-2013","H-20-04-2013","847-CCH45 XLIV ADDL. CITY CIVIL AND SESSONS JUDGE","Back Daily Status PRL. CITY CIVIL AND SESSIONS JUDGE In the court of :CCH45 XLIV ADDL. CITY CIVIL AND SESSONS JUDGE CNR Number :KABC010069742010 Case Number :EX/0000013/2010 SATHYA KEERTHI G K versus MS KOTHARI INTERGROUP LTD. Date : 20-04-2013 Next Purpose : HEARING Next Hearing Date : 15-06-2013 CCH45 XLIV ADDL. CITY CIVIL AND SESSONS JUDGE"
"KABC010069742010","EX/13/2010","8","02-03-2013","H-02-03-2013","847-CCH45 XLIV ADDL. CITY CIVIL AND SESSONS JUDGE","Back Daily Status PRL. CITY CIVIL AND SESSIONS JUDGE In the court of :CCH45 XLIV ADDL. CITY CIVIL AND SESSONS JUDGE CNR Number :KABC010069742010 Case Number :EX/0000013/2010 SATHYA KEERTHI G K versus MS KOTHARI INTERGROUP LTD. Date : 02-03-2013 Next Purpose : HEARING Next Hearing Date : 20-04-2013 CCH45 XLIV ADDL. CITY CIVIL AND SESSONS JUDGE"
"KABC010069742010","EX/13/2010","9","19-01-2013","H-19-01-2013","847-CCH45 XLIV ADDL. CITY CIVIL AND SESSONS JUDGE","Back Daily Status PRL. CITY CIVIL AND SESSIONS JUDGE In the court of :CCH45 XLIV ADDL. CITY CIVIL AND SESSONS JUDGE CNR Number :KABC010069742010 Case Number :EX/0000013/2010 SATHYA KEERTHI G K versus MS KOTHARI INTERGROUP LTD. Date : 19-01-2013 Next Purpose : SUMMONS Next Hearing Date : 02-03-2013 CCH45 XLIV ADDL. CITY CIVIL AND SESSONS JUDGE"
"KABC010069742010","EX/13/2010","10","10-12-2012","H-10-12-2012","847-CCH45 XLIV ADDL. CITY CIVIL AND SESSONS JUDGE","Back Daily Status PRL. CITY CIVIL AND SESSIONS JUDGE In the court of :CCH45 XLIV ADDL. CITY CIVIL AND SESSONS JUDGE CNR Number :KABC010069742010 Case Number :EX/0000013/2010 SATHYA KEERTHI G K versus MS KOTHARI INTERGROUP LTD. Date : 10-12-2012 Next Purpose : SUMMONS Next Hearing Date : 19-01-2013 CCH45 XLIV ADDL. CITY CIVIL AND SESSONS JUDGE"
"KABC010069742010","EX/13/2010","11","06-12-2012","H-06-12-2012","847-CCH45 XLIV ADDL. CITY CIVIL AND SESSONS JUDGE","Back Daily Status PRL. CITY CIVIL AND SESSIONS JUDGE In the court of :CCH45 XLIV ADDL. CITY CIVIL AND SESSONS JUDGE CNR Number :KABC010069742010 Case Number :EX/0000013/2010 SATHYA KEERTHI G K versus MS KOTHARI INTERGROUP LTD. Date : 06-12-2012 Next Purpose : SUMMONS Next Hearing Date : 10-12-2012 CCH45 XLIV ADDL. CITY CIVIL AND SESSONS JUDGE"
"KABC010069742010","EX/13/2010","12","20-11-2012","H-20-11-2012","847-CCH45 XLIV ADDL. CITY CIVIL AND SESSONS JUDGE","Back Daily Status PRL. CITY CIVIL AND SESSIONS JUDGE In the court of :CCH45 XLIV ADDL. CITY CIVIL AND SESSONS JUDGE CNR Number :KABC010069742010 Case Number :EX/0000013/2010 SATHYA KEERTHI G K versus MS KOTHARI INTERGROUP LTD. Date : 20-11-2012 Next Purpose : SUMMONS Next Hearing Date : 06-12-2012 CCH45 XLIV ADDL. CITY CIVIL AND SESSONS JUDGE"
"KABC010069742010","EX/13/2010","13","02-11-2012","H-02-11-2012","847-CCH45 XLIV ADDL. CITY CIVIL AND SESSONS JUDGE","Back Daily Status PRL. CITY CIVIL AND SESSIONS JUDGE In the court of :CCH45 XLIV ADDL. CITY CIVIL AND SESSONS JUDGE CNR Number :KABC010069742010 Case Number :EX/0000013/2010 SATHYA KEERTHI G K versus MS KOTHARI INTERGROUP LTD. Date : 02-11-2012 Next Purpose : SUMMONS Next Hearing Date : 20-11-2012 CCH45 XLIV ADDL. CITY CIVIL AND SESSONS JUDGE"
"KABC010069742010","EX/13/2010","14","11-10-2012","H-11-10-2012","847-CCH45 XLIV ADDL. CITY CIVIL AND SESSONS JUDGE","Back Daily Status PRL. CITY CIVIL AND SESSIONS JUDGE In the court of :CCH45 XLIV ADDL. CITY CIVIL AND SESSONS JUDGE CNR Number :KABC010069742010 Case Number :EX/0000013/2010 SATHYA KEERTHI G K versus MS KOTHARI INTERGROUP LTD. Date : 11-10-2012 Next Purpose : HEARING Next Hearing Date : 02-11-2012 CCH45 XLIV ADDL. CITY CIVIL AND SESSONS JUDGE"
"KABC010069742010","EX/13/2010","15","29-09-2012","H-29-09-2012","847-CCH45 XLIV ADDL. CITY CIVIL AND SESSONS JUDGE","Back Daily Status PRL. CITY CIVIL AND SESSIONS JUDGE In the court of :CCH45 XLIV ADDL. CITY CIVIL AND SESSONS JUDGE CNR Number :KABC010069742010 Case Number :EX/0000013/2010 SATHYA KEERTHI G K versus MS KOTHARI INTERGROUP LTD. Date : 29-09-2012 Next Purpose : HEARING Next Hearing Date : 11-10-2012 CCH45 XLIV ADDL. CITY CIVIL AND SESSONS JUDGE"
"KABC010069752010","EX/14/2010","1","15-03-2010","1","2-CCH5 IX ADDL. CITY CIVIL AND SESSONS JUDGE","Business"
"KABC010069752010","EX/14/2010","2","14-03-2010","H-14-03-2010","2-CCH5 IX ADDL. CITY CIVIL AND SESSONS JUDGE","Back Daily Status PRL. CITY CIVIL AND SESSIONS JUDGE In the court of :CCH5 IX ADDL. CITY CIVIL AND SESSONS JUDGE CNR Number :KABC010069752010 Case Number :EX/0000014/2010 SATHYANARAYANA L versus SECRETARY HOUSING AND URBAN DEVELOPMENT AUTHORITY Date : 14-03-2010 Next Purpose : HEARING Next Hearing Date : 15-03-2010 CCH5 IX ADDL. CITY CIVIL AND SESSONS JUDGE"
"KABC010069762010","EX/15/2010","1","12-07-2012","1","26-CCH23 XXV ADDL. CITY CIVIL AND SESSIONS JUDGE","Business"
"KABC010069772010","EX/16/2010","1","28-11-2011","1","15-CCH28 XIV ADDL. CITY CIVIL AND SESSIONS JUDGE","Business"
"KABC010069782010","EX/17/2010","1","10-02-2014","1","847-CCH45 XLIV ADDL. CITY CIVIL AND SESSONS JUDGE","Business"
"KABC010069782010","EX/17/2010","2","07-12-2013","H-07-12-2013","847-CCH45 XLIV ADDL. CITY CIVIL AND SESSONS JUDGE","Back Daily Status PRL. CITY CIVIL AND SESSIONS JUDGE In the court of :CCH45 XLIV ADDL. CITY CIVIL AND SESSONS JUDGE CNR Number :KABC010069782010 Case Number :EX/0000017/2010 PRAVEEN KUMAR K R versus GEETHA LAKSHMI Date : 07-12-2013 Next Purpose : SUMMONS Next Hearing Date : 10-02-2014 CCH45 XLIV ADDL. CITY CIVIL AND SESSONS JUDGE"
"KABC010069782010","EX/17/2010","3","05-10-2013","H-05-10-2013","847-CCH45 XLIV ADDL. CITY CIVIL AND SESSONS JUDGE","Back Daily Status PRL. CITY CIVIL AND SESSIONS JUDGE In the court of :CCH45 XLIV ADDL. CITY CIVIL AND SESSONS JUDGE CNR Number :KABC010069782010 Case Number :EX/0000017/2010 PRAVEEN KUMAR K R versus GEETHA LAKSHMI Date : 05-10-2013 Next Purpose : SUMMONS Next Hearing Date : 07-12-2013 CCH45 XLIV ADDL. CITY CIVIL AND SESSONS JUDGE"
"KABC010069782010","EX/17/2010","4","14-08-2013","H-14-08-2013","847-CCH45 XLIV ADDL. CITY CIVIL AND SESSONS JUDGE","Back Daily Status PRL. CITY CIVIL AND SESSIONS JUDGE In the court of :CCH45 XLIV ADDL. CITY CIVIL AND SESSONS JUDGE CNR Number :KABC010069782010 Case Number :EX/0000017/2010 PRAVEEN KUMAR K R versus GEETHA LAKSHMI Date : 14-08-2013 Next Purpose : SUMMONS Next Hearing Date : 05-10-2013 CCH45 XLIV ADDL. CITY CIVIL AND SESSONS JUDGE"
"KABC010069782010","EX/17/2010","5","27-06-2013","H-27-06-2013","847-CCH45 XLIV ADDL. CITY CIVIL AND SESSONS JUDGE","Back Daily Status PRL. CITY CIVIL AND SESSIONS JUDGE In the court of :CCH45 XLIV ADDL. CITY CIVIL AND SESSONS JUDGE CNR Number :KABC010069782010 Case Number :EX/0000017/2010 PRAVEEN KUMAR K R versus GEETHA LAKSHMI Date : 27-06-2013 Next Purpose : SUMMONS Next Hearing Date : 14-08-2013 CCH45 XLIV ADDL. CITY CIVIL AND SESSONS JUDGE"
"KABC010069782010","EX/17/2010","6","06-04-2013","H-06-04-2013","847-CCH45 XLIV ADDL. CITY CIVIL AND SESSONS JUDGE","Back Daily Status PRL. CITY CIVIL AND SESSIONS JUDGE In the court of :CCH45 XLIV ADDL. CITY CIVIL AND SESSONS JUDGE CNR Number :KABC010069782010 Case Number :EX/0000017/2010 PRAVEEN KUMAR K R versus GEETHA LAKSHMI Date : 06-04-2013 Next Purpose : HEARING Next Hearing Date : 27-06-2013 CCH45 XLIV ADDL. CITY CIVIL AND SESSONS JUDGE"
"KABC010069782010","EX/17/2010","7","23-02-2013","H-23-02-2013","847-CCH45 XLIV ADDL. CITY CIVIL AND SESSONS JUDGE","Back Daily Status PRL. CITY CIVIL AND SESSIONS JUDGE In the court of :CCH45 XLIV ADDL. CITY CIVIL AND SESSONS JUDGE CNR Number :KABC010069782010 Case Number :EX/0000017/2010 PRAVEEN KUMAR K R versus GEETHA LAKSHMI Date : 23-02-2013 Next Purpose : HEARING Next Hearing Date : 06-04-2013 CCH45 XLIV ADDL. CITY CIVIL AND SESSONS JUDGE"
"KABC010005022010","EX/18/2010","1","26-04-2014","1","32-CCH14 XXXI ADDL. CITY CIVIL AND SESSIONS JUDGE","Back Daily Status PRL. CITY CIVIL AND SESSIONS JUDGE In the court of :CCH14 XXXI ADDL. CITY CIVIL AND SESSIONS JUDGE CNR Number :KABC010005022010 Case Number :EX/0000018/2010 RUDRAIAH H M versus NAGARAJ K S Date : 26-04-2014 Nature of Disposal : DISMISED FOR DEFAULT Disposal Date : 26-04-2014 CCH14 XXXI ADDL. CITY CIVIL AND SESSIONS JUDGE"
"KABC010005022010","EX/18/2010","2","21-02-2014","H-21-02-2014","32-CCH14 XXXI ADDL. CITY CIVIL AND SESSIONS JUDGE","Back Daily Status PRL. CITY CIVIL AND SESSIONS JUDGE In the court of :CCH14 XXXI ADDL. CITY CIVIL AND SESSIONS JUDGE CNR Number :KABC010005022010 Case Number :EX/0000018/2010 RUDRAIAH H M versus NAGARAJ K S Date : 21-02-2014 Next Purpose : SUMMONS Next Hearing Date : 26-04-2014 CCH14 XXXI ADDL. CITY CIVIL AND SESSIONS JUDGE"
"KABC010005022010","EX/18/2010","3","10-12-2013","H-10-12-2013","32-CCH14 XXXI ADDL. CITY CIVIL AND SESSIONS JUDGE","Back Daily Status PRL. CITY CIVIL AND SESSIONS JUDGE In the court of : CNR Number :KABC010005022010 Case Number :EX/0000018/2010 RUDRAIAH H M versus NAGARAJ K S Date : 10-12-2013 Reason for Adjournment : Adjournment request by Plaintiff/Appellant/ Adv. Next Purpose : SUMMONS Next Hearing Date : 21-02-2014"
"KABC010005022010","EX/18/2010","4","31-10-2013","H-31-10-2013","32-CCH14 XXXI ADDL. CITY CIVIL AND SESSIONS JUDGE","Back Daily Status PRL. CITY CIVIL AND SESSIONS JUDGE In the court of :CCH14 XXXI ADDL. CITY CIVIL AND SESSIONS JUDGE CNR Number :KABC010005022010 Case Number :EX/0000018/2010 RUDRAIAH H M versus NAGARAJ K S Date : 31-10-2013 Reason for Adjournment : Adjournment request by Plaintiff/Appellant/ Adv. Next Purpose : SUMMONS Next Hearing Date : 10-12-2013 CCH14 XXXI ADDL. CITY CIVIL AND SESSIONS JUDGE"
"KABC010005022010","EX/18/2010","5","02-08-2013","H-02-08-2013","32-CCH14 XXXI ADDL. CITY CIVIL AND SESSIONS JUDGE","Back Daily Status PRL. CITY CIVIL AND SESSIONS JUDGE In the court of :CCH14 XXXI ADDL. CITY CIVIL AND SESSIONS JUDGE CNR Number :KABC010005022010 Case Number :EX/0000018/2010 RUDRAIAH H M versus NAGARAJ K S Date : 02-08-2013 Reason for Adjournment : Adjournment request by Plaintiff/Appellant/ Adv. Next Purpose : SUMMONS Next Hearing Date : 31-10-2013 CCH14 XXXI ADDL. CITY CIVIL AND SESSIONS JUDGE"
"KABC010005022010","EX/18/2010","6","06-04-2013","H-06-04-2013","32-CCH14 XXXI ADDL. CITY CIVIL AND SESSIONS JUDGE","Back Daily Status PRL. CITY CIVIL AND SESSIONS JUDGE In the court of :CCH14 XXXI ADDL. CITY CIVIL AND SESSIONS JUDGE CNR Number :KABC010005022010 Case Number :EX/0000018/2010 RUDRAIAH H M versus NAGARAJ K S Date : 06-04-2013 Reason for Adjournment : Adjournment request by Plaintiff/Appellant/ Adv. Next Purpose : SUMMONS Next Hearing Date : 02-08-2013 CCH14 XXXI ADDL. CITY CIVIL AND SESSIONS JUDGE"
"KABC010005022010","EX/18/2010","7","14-12-2012","H-14-12-2012","32-CCH14 XXXI ADDL. CITY CIVIL AND SESSIONS JUDGE","Back Daily Status PRL. CITY CIVIL AND SESSIONS JUDGE In the court of :CCH14 XXXI ADDL. CITY CIVIL AND SESSIONS JUDGE CNR Number :KABC010005022010 Case Number :EX/0000018/2010 RUDRAIAH H M versus NAGARAJ K S Date : 14-12-2012 Reason for Adjournment : Adjournment request by Plaintiff/Appellant/ Adv. Next Purpose : SUMMONS Next Hearing Date : 06-04-2013 CCH14 XXXI ADDL. CITY CIVIL AND SESSIONS JUDGE"
"KABC010005022010","EX/18/2010","8","05-10-2012","H-05-10-2012","32-CCH14 XXXI ADDL. CITY CIVIL AND SESSIONS JUDGE","Back Daily Status PRL. CITY CIVIL AND SESSIONS JUDGE In the court of :CCH14 XXXI ADDL. CITY CIVIL AND SESSIONS JUDGE CNR Number :KABC010005022010 Case Number :EX/0000018/2010 RUDRAIAH H M versus NAGARAJ K S Date : 05-10-2012 Reason for Adjournment : Adjournment request by Plaintiff/Appellant/ Adv. Next Purpose : SUMMONS Next Hearing Date : 14-12-2012 CCH14 XXXI ADDL. CITY CIVIL AND SESSIONS JUDGE"
"KABC010005022010","EX/18/2010","9","27-07-2012","H-27-07-2012","32-CCH14 XXXI ADDL. CITY CIVIL AND SESSIONS JUDGE","Business"
"KABC010005022010","EX/18/2010","10","23-06-2012","H-23-06-2012","32-CCH14 XXXI ADDL. CITY CIVIL AND SESSIONS JUDGE","Business"
"KABC010005022010","EX/18/2010","11","31-03-2012","H-31-03-2012","32-CCH14 XXXI ADDL. CITY CIVIL AND SESSIONS JUDGE","Business"
"KABC010005022010","EX/18/2010","12","03-02-2012","H-03-02-2012","32-CCH14 XXXI ADDL. CITY CIVIL AND SESSIONS JUDGE","Business"
"KABC010005022010","EX/18/2010","13","03-12-2011","H-03-12-2011","32-CCH14 XXXI ADDL. CITY CIVIL AND SESSIONS JUDGE","Business"
"KABC010005022010","EX/18/2010","14","28-10-2011","H-28-10-2011","32-CCH14 XXXI ADDL. CITY CIVIL AND SESSIONS JUDGE","Business"
"KABC010005022010","EX/18/2010","15","17-09-2011","H-17-09-2011","32-CCH14 XXXI ADDL. CITY CIVIL AND SESSIONS JUDGE","Business"
"KABC010005022010","EX/18/2010","16","05-08-2011","H-05-08-2011","32-CCH14 XXXI ADDL. CITY CIVIL AND SESSIONS JUDGE","Business"
"KABC010005022010","EX/18/2010","17","25-06-2011","H-25-06-2011","32-CCH14 XXXI ADDL. CITY CIVIL AND SESSIONS JUDGE","Business"
"KABC010005022010","EX/18/2010","18","23-04-2011","H-23-04-2011","32-CCH14 XXXI ADDL. CITY CIVIL AND SESSIONS JUDGE","Business"
"KABC010005022010","EX/18/2010","19","24-03-2011","H-24-03-2011","32-CCH14 XXXI ADDL. CITY CIVIL AND SESSIONS JUDGE","Business"
"KABC010005022010","EX/18/2010","20","23-02-2011","H-23-02-2011","32-CCH14 XXXI ADDL. CITY CIVIL AND SESSIONS JUDGE","Business"
"KABC010005022010","EX/18/2010","21","25-01-2011","H-25-01-2011","32-CCH14 XXXI ADDL. CITY CIVIL AND SESSIONS JUDGE","Business"
"KABC010005022010","EX/18/2010","22","08-12-2010","H-08-12-2010","32-CCH14 XXXI ADDL. CITY CIVIL AND SESSIONS JUDGE","Business"
"KABC010005022010","EX/18/2010","23","21-10-2010","H-21-10-2010","32-CCH14 XXXI ADDL. CITY CIVIL AND SESSIONS JUDGE","Business"
"KABC010005022010","EX/18/2010","24","24-09-2010","H-24-09-2010","32-CCH14 XXXI ADDL. CITY CIVIL AND SESSIONS JUDGE","Business"
"KABC010005022010","EX/18/2010","25","21-08-2010","H-21-08-2010","32-CCH14 XXXI ADDL. CITY CIVIL AND SESSIONS JUDGE","Business"
"KABC010005022010","EX/18/2010","26","14-07-2010","H-14-07-2010","32-CCH14 XXXI ADDL. CITY CIVIL AND SESSIONS JUDGE","Business"
"KABC010005022010","EX/18/2010","27","08-06-2010","H-08-06-2010","32-CCH14 XXXI ADDL. CITY CIVIL AND SESSIONS JUDGE","Business"
"KABC010005032010","EX/20/2010","1","02-04-2011","1","2-CCH5 IX ADDL. CITY CIVIL AND SESSONS JUDGE","Business"
"KABC010005042010","EX/21/2010","1","26-02-2011","1","2-CCH5 IX ADDL. CITY CIVIL AND SESSONS JUDGE","Business"
"KABC010005052010","EX/22/2010","1","05-02-2011","1","2-CCH5 IX ADDL. CITY CIVIL AND SESSONS JUDGE","Business"
