"cnr","case_number","cnr_court_code","bench_code","type_code","cnr_case_number","cnr_year","case_type_label","case_title","appellant","respondent","bench_city","bench_state","court_name","filing_date","first_hearing_date","last_hearing_date","next_hearing_date","decision_date","case_status","case_sub_stage","nature_of_disposal","disposal_date","result","judges","petitioner_advocates","respondent_advocates","sections","case_duration_days","filing_to_first_hearing_days","order_count","hearing_count","process_count","transfer_count","has_orders","scraped_at","source_file"
"KABC010069632010","EX/1/2010","KABC01","","EX","1/2010","2010","EX - EXECUTION PETITION UNDER ORDER","INDUSIND BANK LTD. Vs RAJANNA","INDUSIND BANK LTD.","RAJANNA; SURESH D R","BENGALURU","Karnataka","28-CCH9 XXVII ADDL. CITY CIVIL AND SESSIONS JUDGE","02-01-2010","27-02-2013","27-02-2013","","17-03-2021","Disposed","Sub Stage","Uncontested--DISMISSED","17-03-2021","Uncontested--DISMISSED","CCH18 XIX ADDL. CITY CIVIL AND SESSIONS JUDGE; 28-CCH9 XXVII ADDL. CITY CIVIL AND SESSIONS JUDGE; CCH9 XXVII ADDL. CITY CIVIL AND SESSIONS JUDGE","S M ANEES AHMED","","U/S 276 OF THE INDIAN SUCCESSION ACT","4092","1152","43","44","1","1","1","2026-07-16T17:47:32.770156","Sample Fields.xlsx"
"KABC010069642010","EX/2/2010","KABC01","","EX","2/2010","2010","EX - EXECUTION PETITION UNDER ORDER","INDUSIND BANK LTD. Vs QUADEER PASHA","INDUSIND BANK LTD.","QUADEER PASHA; SOMASHEKAR V","BENGALURU","Karnataka","17-CCH12 XVI ADDL. CITY CIVIL AND SESSIONS JUDGE","02-01-2010","27-02-2013","27-02-2013","","05-08-2023","Disposed","Sub Stage","Uncontested--DISPOSED OTHERWISE","05-08-2023","Uncontested--DISPOSED OTHERWISE","CCH12 XVI ADDL. CITY CIVIL AND SESSIONS JUDGE; CCH18 XIX ADDL. CITY CIVIL AND SESSIONS JUDGE; 17-CCH12 XVI ADDL. CITY CIVIL AND SESSIONS JUDGE","S M ANEES AHMED","","","4963","1152","63","64","6","1","1","2026-07-16T17:55:20.167792","Sample Fields.xlsx"
"KABC010069652010","EX/3/2010","KABC01","","EX","3/2010","2010","EX - EXECUTION PETITION UNDER ORDER","INDUSIND BANK LTD. Vs CHANDRASHEKAR G","INDUSIND BANK LTD.","CHANDRASHEKAR G; SREENIVASA H V","BENGALURU","Karnataka","28-CCH9 XXVII ADDL. CITY CIVIL AND SESSIONS JUDGE","02-01-2010","08-10-2010","02-07-2010","08-10-2010","16-03-2021","Disposed","","Uncontested--DISMISSED","16-03-2021","Uncontested--DISMISSED","CCH18 XIX ADDL. CITY CIVIL AND SESSIONS JUDGE; 28-CCH9 XXVII ADDL. CITY CIVIL AND SESSIONS JUDGE; CCH9 XXVII ADDL. CITY CIVIL AND SESSIONS JUDGE","S M ANEES AHMED","","Order 39 Rule 1 and 2 CPC","4091","279","41","41","6","1","1","2026-07-16T18:00:25.634879","Sample Fields.xlsx"
"KABC010069662010","EX/4/2010","KABC01","","EX","4/2010","2010","EX - EXECUTION PETITION UNDER ORDER","INDUSIND BANK LTD. Vs MANJUNATHA A","INDUSIND BANK LTD.","MANJUNATHA A; SHIVA KUMAR B P","BENGALURU","Karnataka","17-CCH12 XVI ADDL. CITY CIVIL AND SESSIONS JUDGE","02-01-2010","29-05-2010","15-02-2010","29-05-2010","02-01-2019","Disposed","Sub Stage","Contested--DISPOSED OTHERWISE","02-01-2019","Contested--DISPOSED OTHERWISE","CCH12 XVI ADDL. CITY CIVIL AND SESSIONS JUDGE; CCH18 XIX ADDL. CITY CIVIL AND SESSIONS JUDGE; 17-CCH12 XVI ADDL. CITY CIVIL AND SESSIONS JUDGE","S M ANEES AHMED","","","3287","147","41","41","0","1","1","2026-07-16T18:05:32.386537","Sample Fields.xlsx"
"KABC010069672010","EX/5/2010","KABC01","","EX","5/2010","2010","EX - EXECUTION PETITION UNDER ORDER","LEELA RAMASWAMY Vs SPECIAL ADDITIONAL LAND ACQUISITION OFFICER BDA","LEELA RAMASWAMY; SURESH B R; GAYATHRI ANAND; LAVANYA RAMASWAMY","SPECIAL ADDITIONAL LAND ACQUISITION OFFICER BDA; THE COMMISSIONER BDA","BENGALURU","Karnataka","3-CCH17 II ADDL. CITY CIVIL AND SESSIONS JUDGE","02-01-2010","03-04-2010","01-03-2010","03-04-2010","12-07-2012","Disposed","Sub Stage","--REJECTED","19-07-2010","--REJECTED","CCH17 II ADDL. CITY CIVIL AND SESSIONS JUDGE; 3-CCH17 II ADDL. CITY CIVIL AND SESSIONS JUDGE","K T NANJUNDA GOWDA","","","922","91","3","2","0","0","1","2026-07-16T18:05:59.922076","Sample Fields.xlsx"
"KABC010069682010","EX/6/2010","KABC01","","EX","6/2010","2010","EX - EXECUTION PETITION UNDER ORDER","INDUSIND BANK LTD. Vs MUNIRAJU","INDUSIND BANK LTD.","MUNIRAJU; CHETAN","BENGALURU","Karnataka","17-CCH12 XVI ADDL. CITY CIVIL AND SESSIONS JUDGE","02-01-2010","27-01-2011","24-09-2010","27-01-2011","17-08-2019","Disposed","Sub Stage","Uncontested--DISPOSED OTHERWISE","17-08-2019","Uncontested--DISPOSED OTHERWISE","CCH12 XVI ADDL. CITY CIVIL AND SESSIONS JUDGE; CCH18 XIX ADDL. CITY CIVIL AND SESSIONS JUDGE; 17-CCH12 XVI ADDL. CITY CIVIL AND SESSIONS JUDGE","S M ANEES AHMED","","","3514","390","46","46","0","1","1","2026-07-16T18:11:52.755174","Sample Fields.xlsx"
"KABC010069692010","EX/7/2010","KABC01","","EX","7/2010","2010","EX - EXECUTION PETITION UNDER ORDER","USHARAJU Vs ABDUL REHMAN C K","USHARAJU","ABDUL REHMAN C K; MS TIP TOP PLASTIC INDUSTRY","BENGALURU","Karnataka","4-CCH25 III ADDL. CITY CIVIL AND SESSIONS JUDGE","02-01-2010","","26-03-2010","27-03-2010","27-03-2010","Disposed","Sub Stage","Uncontested--DISPOSED OTHERWISE","27-03-2010","Uncontested--DISPOSED OTHERWISE","4-CCH25 III ADDL. CITY CIVIL AND SESSIONS JUDGE; CCH25 III ADDL. CITY CIVIL AND SESSIONS JUDGE","K NARAYANA SWAMY","","","84","","2","3","0","0","1","2026-07-16T18:12:21.090248","Sample Fields.xlsx"
"KABC010069702010","EX/9/2010","KABC01","","EX","9/2010","2010","EX - EXECUTION PETITION UNDER ORDER","JAYAKUMAR M Vs MS BARON INTERNATIONAL LTD.","JAYAKUMAR M","MS BARON INTERNATIONAL LTD.","BENGALURU","Karnataka","15-CCH28 XIV ADDL. CITY CIVIL AND SESSIONS JUDGE","02-01-2010","10-08-2010","16-04-2010","10-08-2010","11-11-2013","Disposed","Sub Stage","Contested--DISMISED FOR DEFAULT","11-11-2013","Contested--DISMISED FOR DEFAULT","CCH28 XIV ADDL. CITY CIVIL AND SESSIONS JUDGE; 15-CCH28 XIV ADDL. CITY CIVIL AND SESSIONS JUDGE","G V KRISHNA REDDY","","","1409","220","25","25","0","0","1","2026-07-16T18:15:36.775351","Sample Fields.xlsx"
"KABC010069712010","EX/10/2010","KABC01","","EX","10/2010","2010","EX - EXECUTION PETITION UNDER ORDER","ALPHONSE C Vs VIMALA","ALPHONSE C","VIMALA","BENGALURU","Karnataka","31-CCH31 XXX ADDL. CITY CIVIL AND SESSIONS JUDGE","02-01-2010","","28-01-2011","","28-01-2011","Disposed","","Uncontested--DISPOSED OTHERWISE","28-01-2011","Uncontested--DISPOSED OTHERWISE","31-CCH31 XXX ADDL. CITY CIVIL AND SESSIONS JUDGE; CCH31 XXX ADDL. CITY CIVIL AND SESSIONS JUDGE","G V KRISHNA REDDY","","","391","","1","2","0","0","1","2026-07-16T18:15:57.912305","Sample Fields.xlsx"
"KABC010069722010","EX/11/2010","KABC01","","EX","11/2010","2010","EX - EXECUTION PETITION UNDER ORDER","SAKHWALKAR S N Vs MS INTEGRATED HI TECH SOFTWARE PARK LTD.","SAKHWALKAR S N","MS INTEGRATED HI TECH SOFTWARE PARK LTD.","BENGALURU","Karnataka","4-CCH25 III ADDL. CITY CIVIL AND SESSIONS JUDGE","02-01-2010","","29-10-2010","30-10-2010","15-10-2011","Disposed","Sub Stage","Uncontested--DISMISSED","15-10-2011","Uncontested--DISMISSED","4-CCH25 III ADDL. CITY CIVIL AND SESSIONS JUDGE; CCH25 III ADDL. CITY CIVIL AND SESSIONS JUDGE","Y K NARAYANA SHARMA","","","651","","2","3","0","0","1","2026-07-16T18:16:27.151619","Sample Fields.xlsx"
"KABC010069732010","EX/12/2010","KABC01","","EX","12/2010","2010","EX - EXECUTION PETITION UNDER ORDER","M S ALTEON HEALTH CARE PVT LTD. Vs MS AMITY DISTRIBUTION AND MARKETING","M S ALTEON HEALTH CARE PVT LTD.","MS AMITY DISTRIBUTION AND MARKETING; MS AMITY PHARMA","BENGALURU","Karnataka","17-CCH12 XVI ADDL. CITY CIVIL AND SESSIONS JUDGE","02-01-2010","10-12-2012","10-08-2012","10-12-2012","05-12-2015","Disposed","Sub Stage","Uncontested--DISMISSED","05-12-2015","Uncontested--DISMISSED","CCH12 XVI ADDL. CITY CIVIL AND SESSIONS JUDGE; CCH18 XIX ADDL. CITY CIVIL AND SESSIONS JUDGE; 17-CCH12 XVI ADDL. CITY CIVIL AND SESSIONS JUDGE","D PRABHAKAR","","","2163","1073","10","11","0","1","1","2026-07-16T18:17:52.883075","Sample Fields.xlsx"
"KABC010069742010","EX/13/2010","KABC01","","EX","13/2010","2010","EX - EXECUTION PETITION UNDER ORDER","SATHYA KEERTHI G K Vs MS KOTHARI INTERGROUP LTD.","SATHYA KEERTHI G K","MS KOTHARI INTERGROUP LTD.","BENGALURU","Karnataka","847-CCH45 XLIV ADDL. CITY CIVIL AND SESSONS JUDGE","02-01-2010","10-09-2012","29-09-2012","11-10-2012","22-02-2014","Disposed","","Contested--DISMISSED","22-02-2014","Contested--DISMISSED","CCH45 XLIV ADDL. CITY CIVIL AND SESSONS JUDGE; 847-CCH45 XLIV ADDL. CITY CIVIL AND SESSONS JUDGE",".S NAGARAJ","","","1512","982","15","15","0","0","1","2026-07-16T18:20:01.283777","Sample Fields.xlsx"
"KABC010069752010","EX/14/2010","KABC01","","EX","14/2010","2010","EX - EXECUTION PETITION UNDER ORDER","SATHYANARAYANA L Vs SECRETARY HOUSING AND URBAN DEVELOPMENT AUTHORITY","SATHYANARAYANA L","SECRETARY HOUSING AND URBAN DEVELOPMENT AUTHORITY; THE COMMISSIONER BDA; THE COMMISSIONER BBMP; SECRETARY KGE HOUSE BUILDING CO OP SOCIETY; RAMANATH K T; KANTHA","BENGALURU","Karnataka","2-CCH5 IX ADDL. CITY CIVIL AND SESSONS JUDGE","02-01-2010","","14-03-2010","15-03-2010","15-03-2010","Disposed","Sub Stage","Uncontested--DISPOSED OTHERWISE","15-03-2010","Uncontested--DISPOSED OTHERWISE","CCH5 IX ADDL. CITY CIVIL AND SESSONS JUDGE; 2-CCH5 IX ADDL. CITY CIVIL AND SESSONS JUDGE","J N RAJANNA REDDY","","","72","","2","3","0","0","1","2026-07-16T18:20:32.073612","Sample Fields.xlsx"
"KABC010069762010","EX/15/2010","KABC01","","EX","15/2010","2010","EX - EXECUTION PETITION UNDER ORDER","SYED AZEEZULLA Vs EQBAL AHMED","SYED AZEEZULLA","EQBAL AHMED","BENGALURU","Karnataka","26-CCH23 XXV ADDL. CITY CIVIL AND SESSIONS JUDGE","02-01-2010","","","","12-07-2012","Disposed","","--REJECTED","12-07-2012","--REJECTED","26-CCH23 XXV ADDL. CITY CIVIL AND SESSIONS JUDGE","KK VASANTH","","","922","","1","0","0","0","1","2026-07-16T18:20:38.814124","Sample Fields.xlsx"
"KABC010069772010","EX/16/2010","KABC01","","EX","16/2010","2010","EX - EXECUTION PETITION UNDER ORDER","MADAN LAL PAREKH Vs THE CLUB","MADAN LAL PAREKH","THE CLUB","BENGALURU","Karnataka","15-CCH28 XIV ADDL. CITY CIVIL AND SESSIONS JUDGE","02-01-2010","","","","28-11-2011","Disposed","","--COMPROMISED","28-11-2011","--COMPROMISED","15-CCH28 XIV ADDL. CITY CIVIL AND SESSIONS JUDGE","N JAGADISH BALIGA","","","695","","1","0","0","0","1","2026-07-16T18:21:13.451240","Sample Fields.xlsx"
"KABC010069782010","EX/17/2010","KABC01","","EX","17/2010","2010","EX - EXECUTION PETITION UNDER ORDER","PRAVEEN KUMAR K R Vs GEETHA LAKSHMI","PRAVEEN KUMAR K R","GEETHA LAKSHMI; MUDDAIAH","BENGALURU","Karnataka","847-CCH45 XLIV ADDL. CITY CIVIL AND SESSONS JUDGE","02-01-2010","23-02-2013","23-02-2013","06-04-2013","10-02-2014","Disposed","Sub Stage","Contested--DISMISSED","10-02-2014","Contested--DISMISSED","CCH45 XLIV ADDL. CITY CIVIL AND SESSONS JUDGE; 847-CCH45 XLIV ADDL. CITY CIVIL AND SESSONS JUDGE","S V NARAYANA MURTHY","","","1500","1148","7","7","0","0","1","2026-07-16T18:22:48.107422","Sample Fields.xlsx"
"KABC010005022010","EX/18/2010","KABC01","","EX","18/2010","2010","EX - EXECUTION PETITION UNDER ORDER","RUDRAIAH H M Vs NAGARAJ K S","RUDRAIAH H M","NAGARAJ K S","BENGALURU","Karnataka","32-CCH14 XXXI ADDL. CITY CIVIL AND SESSIONS JUDGE","02-01-2010","14-07-2010","08-06-2010","14-07-2010","26-04-2014","Disposed","Sub Stage","Uncontested--DISMISED FOR DEFAULT","26-04-2014","Uncontested--DISMISED FOR DEFAULT","CCH14 XXXI ADDL. CITY CIVIL AND SESSIONS JUDGE; 32-CCH14 XXXI ADDL. CITY CIVIL AND SESSIONS JUDGE","LOKESH BOOVANAHALLI","","","1575","193","27","27","0","0","1","2026-07-16T18:26:17.944902","Sample Fields.xlsx"
"KABC010005032010","EX/20/2010","KABC01","","EX","20/2010","2010","EX - EXECUTION PETITION UNDER ORDER","CANARA BANK Vs VANITHA","CANARA BANK","VANITHA; ARMUGHAM R","BENGALURU","Karnataka","2-CCH5 IX ADDL. CITY CIVIL AND SESSONS JUDGE","02-01-2010","","02-04-2011","","02-04-2011","Disposed","","Uncontested--DISPOSED OTHERWISE","02-04-2011","Uncontested--DISPOSED OTHERWISE","CCH5 IX ADDL. CITY CIVIL AND SESSONS JUDGE; 2-CCH5 IX ADDL. CITY CIVIL AND SESSONS JUDGE","H S RUKKOJI RAO","","","455","","1","2","0","0","1","2026-07-16T18:26:42.415030","Sample Fields.xlsx"
"KABC010005042010","EX/21/2010","KABC01","","EX","21/2010","2010","EX - EXECUTION PETITION UNDER ORDER","CANARA BANK Vs BHARATH KUMAR JAIN","CANARA BANK","BHARATH KUMAR JAIN; RITESH KUMAR JAIN","BENGALURU","Karnataka","2-CCH5 IX ADDL. CITY CIVIL AND SESSONS JUDGE","02-01-2010","","","","26-02-2011","Disposed","","--DISMISSED","26-02-2011","--DISMISSED","2-CCH5 IX ADDL. CITY CIVIL AND SESSONS JUDGE","H S RUKKOJI RAO","","","420","","1","0","0","0","1","2026-07-16T18:26:49.384445","Sample Fields.xlsx"
"KABC010005052010","EX/22/2010","KABC01","","EX","22/2010","2010","EX - EXECUTION PETITION UNDER ORDER","CANARA BANK Vs MS METRO ENTERPRISES","CANARA BANK","MS METRO ENTERPRISES; SUNIL R DAVEY; RAMBHJAI S DAVEY","BENGALURU","Karnataka","2-CCH5 IX ADDL. CITY CIVIL AND SESSONS JUDGE","02-01-2010","","","","05-02-2011","Disposed","","--DISMISSED","05-02-2011","--DISMISSED","2-CCH5 IX ADDL. CITY CIVIL AND SESSONS JUDGE","H S RUKKOJI RAO","","","399","","1","0","0","0","1","2026-07-16T18:27:24.424928","Sample Fields.xlsx"
