"cnr","case_number","process_id","process_title","process_date"
"KABC010069632010","EX/1/2010","PKABC010069632010_1_1","Notice to show cause why execution should not issue [O. 21, R. 16]","03-08-2019"
"KABC010069642010","EX/2/2010","PKABC010069642010_1_1","Notice to show cause why execution should not issue [O. 21, R. 16]","22-11-2019"
"KABC010069642010","EX/2/2010","PKABC010069642010_2_1","Notice to show cause why execution should not issue [O. 21, R. 16]","22-11-2019"
"KABC010069642010","EX/2/2010","PKABC010069642010_4_1","Notice to show cause why execution should not issue [O. 21, R. 16]","22-10-2021"
"KABC010069642010","EX/2/2010","PKABC010069642010_3_1","Notice to show cause why execution should not issue [O. 21, R. 16]","22-10-2021"
"KABC010069642010","EX/2/2010","PKABC010069642010_5_1","Notice to show cause why execution should not issue [O. 21, R. 16]","18-12-2021"
"KABC010069642010","EX/2/2010","PKABC010069642010_6_1","Notice to show cause why execution should not issue [O. 21, R. 16]","18-12-2021"
"KABC010069652010","EX/3/2010","PKABC010069652010_2_1","Notice to show cause why execution should not issue [O. 21, R. 16]","16-09-2019"
"KABC010069652010","EX/3/2010","PKABC010069652010_1_1","Notice to show cause why execution should not issue [O. 21, R. 16]","16-09-2019"
"KABC010069652010","EX/3/2010","PKABC010069652010_3_1","Notice to show cause why execution should not issue [O. 21, R. 16]","13-11-2019"
"KABC010069652010","EX/3/2010","PKABC010069652010_4_1","Notice to show cause why execution should not issue [O. 21, R. 16]","13-11-2019"
"KABC010069652010","EX/3/2010","PKABC010069652010_5_1","Notice to show cause why execution should not issue [O. 21, R. 16]","17-01-2020"
"KABC010069652010","EX/3/2010","PKABC010069652010_6_1","Notice to show cause why execution should not issue [O. 21, R. 16]","17-01-2020"
